ID,id2,date,favorite,underdog,home_favorite,Emailed Out,Pick Favorite?,Pick Home?,Win?,Running Average,spread,fav_odds,dog_odds,logistic_prob,linear_prob,rf_prob
46042La LakersDenver,46042,1/20/26,La Lakers,Denver,0,1,0,1,0,0,2.5,-104,-101,0.524245486,0.522684918,0.506936682
46042Golden StateToronto,46042,1/20/26,Golden State,Toronto,1,1,0,0,0,0,3.5,-107,100,0.421965088,0.348407373,0.34143002
46043MemphisAtlanta,46043,1/21/26,Memphis,Atlanta,1,1,0,0,1,0.333333333,1.5,-105,-104,0.393474832,0.323019886,0.28525495
46043DetroitNew Orleans,46043,1/21/26,Detroit,New Orleans,0,1,1,0,0,0.25,10.5,-110,-110,0.534691508,0.54140575,0.588128813
46043Okla CityMilwaukee,46043,1/21/26,Okla City,Milwaukee,0,1,0,1,0,0.2,9.5,-106,-105,0.418356521,0.38341412,0.337004041
46043TorontoSacramento,46043,1/21/26,Toronto,Sacramento,0,1,1,0,1,0.333333333,5.5,-111,-102,0.516158813,0.518888813,0.504176561
46044OrlandoCharlotte,46044,1/22/26,Orlando,Charlotte,1,1,0,0,1,0.428571429,6.5,104,-107,0.425054827,0.392793403,0.422027417
46046PhiladelphiaNew York,46046,1/24/26,Philadelphia,New York,1,1,0,0,1,0.5,1.5,-110,-110,0.326424458,0.205495399,0.36556345
46046OrlandoCleveland,46046,1/24/26,Orlando,Cleveland,1,1,0,0,1,0.555555556,2.5,102,-109,0.385370314,0.320278326,0.292811719
46046La LakersDallas,46046,1/24/26,La Lakers,Dallas,0,1,0,1,1,0.6,3.5,-113,105,0.491126621,0.474749187,0.410959555
46048CharlottePhiladelphia,46048,1/26/26,Charlotte,Philadelphia,1,1,1,1,1,0.636363636,2.5,101,-108,0.591798259,0.61440598,0.553218302
46048MinnesotaGolden State,46048,1/26/26,Minnesota,Golden State,1,1,1,1,1,0.666666667,7.5,105,-117,0.513776435,0.501055428,0.426646199
46049PortlandWashington,46049,1/27/26,Portland,Washington,0,1,0,1,1,0.692307692,6.5,-110,107,0.409489726,0.376964913,0.39854918
46049PhoenixBrooklyn,46049,1/27/26,Phoenix,Brooklyn,1,1,0,0,1,0.714285714,8.5,-109,106,0.358090638,0.234693604,0.509695093
46049La ClippersUtah,46049,1/27/26,La Clippers,Utah,0,1,0,1,0,0.666666667,8.5,-110,-110,0.420253076,0.359255684,0.351461596
46050ChicagoIndiana,46050,1/28/26,Chicago,Indiana,0,1,1,0,0,0.625,2.5,100,-106,0.578847069,0.597615376,0.553385254
46050MiamiOrlando,46050,1/28/26,Miami,Orlando,1,1,0,0,1,0.647058824,2.5,-109,102,0.296690211,0.185918806,0.283494727
46050MinnesotaDallas,46050,1/28/26,Minnesota,Dallas,0,1,0,1,0,0.611111111,6.5,-110,103,0.399857028,0.303937301,0.318910702
46051MilwaukeeWashington,46051,1/29/26,Milwaukee,Washington,0,1,0,1,1,0.631578947,2.5,-102,-104,0.265167798,0.082693636,0.353881286
46051CharlotteDallas,46051,1/29/26,Charlotte,Dallas,0,1,1,0,0,0.6,4.5,105,-114,0.846609748,1,0.799375133
46051Okla CityMinnesota,46051,1/29/26,Okla City,Minnesota,0,1,0,1,1,0.619047619,6.5,-107,100,0.624256238,0.691188503,0.548439047
46053MinnesotaMemphis,46053,1/31/26,Minnesota,Memphis,0,1,0,1,0,0.590909091,8.5,-108,-105,0.390157053,0.339483326,0.324962724
46053HoustonDallas,46053,1/31/26,Houston,Dallas,1,1,0,0,1,0.608695652,10.5,-115,103,0.431431117,0.403589665,0.410583468
46054DetroitBrooklyn,46054,2/1/26,Detroit,Brooklyn,1,1,0,0,0,0.583333333,13.5,112,-120,0.408830659,0.368798708,0.358316965
46054SacramentoWashington,46054,2/1/26,Sacramento,Washington,0,1,0,1,1,0.6,2.5,100,-103,0.575792285,0.623191881,0.666725794
46054Okla CityDenver,46054,2/1/26,Okla City,Denver,0,1,1,0,1,0.615384615,7.5,-102,101,0.751392189,0.9125357,0.625937472
46057New YorkDenver,46057,2/4/26,New York,Denver,1,1,0,0,0,0.592592593,6.5,-110,-110,0.320283452,0.223077798,0.337031764
46057MinnesotaToronto,46057,2/4/26,Minnesota,Toronto,0,1,0,1,0,0.571428571,1.5,-103,100,0.465665426,0.436313265,0.476063345
46057HoustonBoston,46057,2/4/26,Houston,Boston,1,1,0,0,1,0.586206897,7.5,-104,-104,0.363173252,0.307716658,0.308489334
46057New OrleansMilwaukee,46057,2/4/26,New Orleans,Milwaukee,0,1,1,0,0,0.566666667,4.5,-110,-110,0.582664581,0.60372281,0.625443168
46057San AntonioOkla City,46057,2/4/26,San Antonio,Okla City,1,1,1,1,0,0.548387097,9.5,100,-116,0.500149699,0.469188736,0.514647636
46057ClevelandLa Clippers,46057,2/4/26,Cleveland,La Clippers,0,1,1,0,1,0.5625,1.5,-109,105,0.728360892,0.872268195,0.730803289
46058TorontoChicago,46058,2/5/26,Toronto,Chicago,1,1,0,0,0,0.545454545,7.5,-111,101,0.372088637,0.277128241,0.362925932
46058HoustonCharlotte,46058,2/5/26,Houston,Charlotte,1,1,0,0,1,0.558823529,4.5,102,-113,0.401818593,0.358242024,0.441121308
46059New YorkDetroit,46059,2/6/26,New York,Detroit,0,1,0,1,1,0.571428571,1.5,-110,-110,0.319684476,0.242261205,0.390583565
46060BrooklynWashington,46060,2/7/26,Brooklyn,Washington,1,1,1,1,0,0.555555556,6.5,102,-104,0.703370754,0.820161703,0.560376819
46060Okla CityHouston,46060,2/7/26,Okla City,Houston,1,1,0,0,0,0.540540541,4.5,100,-100,0.428027634,0.381165081,0.388880004
46060PortlandMemphis,46060,2/7/26,Portland,Memphis,1,1,1,1,0,0.526315789,8.5,-100,-104,0.595915888,0.606412885,0.57852288
46061MinnesotaLa Clippers,46061,2/8/26,Minnesota,La Clippers,1,1,0,0,1,0.538461538,9.5,107,-109,0.387059246,0.31994634,0.387587383
46062ChicagoBrooklyn,46062,2/9/26,Chicago,Brooklyn,0,1,1,0,0,0.525,4.5,101,-104,0.670460588,0.756133733,0.61199421
46062MiamiUtah,46062,2/9/26,Miami,Utah,1,1,1,1,0,0.512195122,7.5,-110,-110,0.616347974,0.713947211,0.597318975
46062OrlandoMilwaukee,46062,2/9/26,Orlando,Milwaukee,1,1,1,1,1,0.523809524,10.5,-104,102,0.597650424,0.63712614,0.616312979
46062Golden StateMemphis,46062,2/9/26,Golden State,Memphis,1,1,1,1,0,0.511627907,9.5,104,-108,0.628685542,0.679395536,0.597081538
46062Okla CityLa Lakers,46062,2/9/26,Okla City,La Lakers,0,1,1,0,1,0.522727273,6.5,-109,104,0.640546743,0.665620244,0.526040807
46062PhiladelphiaPortland,46062,2/9/26,Philadelphia,Portland,0,1,1,0,0,0.511111111,3.5,104,-108,0.529912154,0.552073897,0.699018092
46063HoustonLa Clippers,46063,2/10/26,Houston,La Clippers,1,1,0,0,1,0.52173913,7.5,-113,108,0.432049403,0.399598904,0.409483874
46063San AntonioLa Lakers,46063,2/10/26,San Antonio,La Lakers,0,1,1,0,1,0.531914894,9.5,108,-112,0.589571326,0.57089448,0.65082347
46064BrooklynIndiana,46064,2/11/26,Brooklyn,Indiana,1,1,1,1,0,0.520833333,6.5,104,-116,0.662888943,0.740276207,0.609229401
46064TorontoDetroit,46064,2/11/26,Toronto,Detroit,1,1,0,0,1,0.530612245,1.5,108,-117,0.375722655,0.290638302,0.330199691
46064HoustonLa Clippers,46064,2/11/26,Houston,La Clippers,1,1,0,0,1,0.54,8.5,-113,108,0.371026426,0.320348923,0.313772825
46064Okla CityPhoenix,46064,2/11/26,Okla City,Phoenix,0,1,0,1,0,0.529411765,7.5,-113,109,0.379854538,0.300269944,0.346173513
46072HoustonCharlotte,46072,2/19/26,Houston,Charlotte,0,1,1,0,0,0.519230769,4.5,-106,-101,0.59766415,0.647248086,0.582332231
46072ClevelandBrooklyn,46072,2/19/26,Cleveland,Brooklyn,1,1,0,0,0,0.509433962,16.5,-109,101,0.398665963,0.356178711,0.269984758
46072New YorkDetroit,46072,2/19/26,New York,Detroit,1,1,0,0,1,0.518518519,3.5,-110,-110,0.316476995,0.211426497,0.411392799
46072San AntonioPhoenix,46072,2/19/26,San Antonio,Phoenix,1,1,0,0,0,0.509090909,7.5,-109,102,0.407805303,0.388780358,0.322395209
46072DenverLa Clippers,46072,2/19/26,Denver,La Clippers,0,1,0,1,1,0.517857143,4.5,-104,-103,0.327886861,0.263495363,0.315381355
46073ClevelandCharlotte,46073,2/20/26,Cleveland,Charlotte,0,1,1,0,1,0.526315789,4.5,-116,110,0.666128994,0.694137137,0.69193158
46073WashingtonIndiana,46073,2/20/26,Washington,Indiana,1,1,1,1,1,0.534482759,1.5,106,-116,0.62891451,0.67935451,0.559604567
46073MemphisUtah,46073,2/20/26,Memphis,Utah,1,1,0,0,0,0.525423729,1.5,-110,-110,0.421297164,0.373178572,0.320164236
46073MinnesotaDallas,46073,2/20/26,Minnesota,Dallas,1,1,1,1,0,0.516666667,14.5,104,-109,0.658168406,0.72835044,0.714036325
46073New OrleansMilwaukee,46073,2/20/26,New Orleans,Milwaukee,1,1,0,0,1,0.524590164,4.5,-110,-110,0.371288332,0.31127776,0.382794311
46073La LakersLa Clippers,46073,2/20/26,La Lakers,La Clippers,1,1,0,0,1,0.532258065,7.5,-111,108,0.407660545,0.377612086,0.402674922
46074PhoenixOrlando,46074,2/21/26,Phoenix,Orlando,1,1,0,0,0,0.523809524,1.5,-109,103,0.367042083,0.309345091,0.26209033
46074DetroitChicago,46074,2/21/26,Detroit,Chicago,0,1,1,0,1,0.53125,10.5,-104,102,0.697172736,0.796410127,0.588792506
46074San AntonioSacramento,46074,2/21/26,San Antonio,Sacramento,1,1,0,0,1,0.538461538,17.5,-113,105,0.347570019,0.268165919,0.372415903
46074New YorkHouston,46074,2/21/26,New York,Houston,1,1,0,0,1,0.545454545,3.5,-110,-110,0.324587144,0.254621852,0.320795039
46075ClevelandOkla City,46075,2/22/26,Cleveland,Okla City,0,1,1,0,0,0.537313433,3.5,-110,-110,0.767535725,0.9018759,0.638325262
46075AtlantaBrooklyn,46075,2/22/26,Atlanta,Brooklyn,1,1,0,0,0,0.529411765,10.5,109,-113,0.375836537,0.34101083,0.40832053
46075TorontoMilwaukee,46075,2/22/26,Toronto,Milwaukee,0,1,1,0,1,0.536231884,3.5,103,-104,0.589292798,0.609564132,0.596835101
46075DenverGolden State,46075,2/22/26,Denver,Golden State,0,1,0,1,1,0.542857143,6.5,-110,109,0.403336301,0.363870054,0.300104591
46075DallasIndiana,46075,2/22/26,Dallas,Indiana,0,1,1,0,1,0.549295775,1.5,-109,106,0.75268955,0.877827995,0.694879837
46075CharlotteWashington,46075,2/22/26,Charlotte,Washington,0,1,0,1,0,0.541666667,11.5,-104,100,0.336703623,0.272520324,0.394901867
46075MinnesotaPhiladelphia,46075,2/22/26,Minnesota,Philadelphia,1,1,0,0,1,0.547945205,9.5,113,-121,0.344344321,0.242564872,0.307921089
46075New YorkChicago,46075,2/22/26,New York,Chicago,0,1,1,0,0,0.540540541,10.5,-110,-110,0.570723537,0.61542578,0.669761865
46075PortlandPhoenix,46075,2/22/26,Portland,Phoenix,0,1,0,1,0,0.533333333,3.5,100,-100,0.347964976,0.241309774,0.345677937
46075La ClippersOrlando,46075,2/22/26,La Clippers,Orlando,1,1,0,0,1,0.539473684,2.5,104,-109,0.307140034,0.174501477,0.405635983
46077PhiladelphiaIndiana,46077,2/24/26,Philadelphia,Indiana,0,1,1,0,1,0.545454545,10.5,104,-107,0.609938259,0.645864502,0.720452304
46077DallasBrooklyn,46077,2/24/26,Dallas,Brooklyn,0,1,0,1,0,0.538461538,1.5,-109,105,0.441212535,0.41060749,0.381935265
46077TorontoOkla City,46077,2/24/26,Toronto,Okla City,1,1,0,0,1,0.544303797,1.5,-103,-106,0.317002271,0.232656496,0.26904363
46077ClevelandNew York,46077,2/24/26,Cleveland,New York,1,1,0,0,0,0.5375,4.5,-110,-110,0.40258289,0.368668981,0.396798806
46077CharlotteChicago,46077,2/24/26,Charlotte,Chicago,0,1,1,0,1,0.543209877,8.5,101,-101,0.651334838,0.71997658,0.702360403
46077MiamiMilwaukee,46077,2/24/26,Miami,Milwaukee,0,1,1,0,0,0.536585366,6.5,101,-104,0.631585168,0.647811383,0.612928556
46077Golden StateNew Orleans,46077,2/24/26,Golden State,New Orleans,0,1,0,1,1,0.542168675,1.5,-110,-110,0.363649226,0.234166582,0.426485664
46077BostonPhoenix,46077,2/24/26,Boston,Phoenix,0,1,1,0,1,0.547619048,6.5,-107,102,0.628588162,0.694982433,0.600153464
46077La LakersOrlando,46077,2/24/26,La Lakers,Orlando,1,1,0,0,1,0.552941176,5.5,100,-108,0.361410406,0.319735503,0.309683563
46078DetroitOkla City,46078,2/25/26,Detroit,Okla City,1,1,0,0,1,0.558139535,9.5,-102,-106,0.319329262,0.205823922,0.285760732
46078ClevelandMilwaukee,46078,2/25/26,Cleveland,Milwaukee,0,1,1,0,0,0.551724138,8.5,104,-107,0.675803539,0.765488353,0.57215721
46078DenverBoston,46078,2/25/26,Denver,Boston,1,1,0,0,0,0.545454545,3.5,-104,101,0.314300247,0.193294249,0.479382445
46080DetroitCleveland,46080,2/27/26,Detroit,Cleveland,1,1,0,0,1,0.550561798,5.5,-115,110,0.375755118,0.3085063,0.34856284
46081CharlottePortland,46081,2/28/26,Charlotte,Portland,1,1,0,0,0,0.544444444,6.5,-110,-110,0.404605727,0.359921327,0.352170968
46081HoustonMiami,46081,2/28/26,Houston,Miami,0,1,1,0,0,0.538461538,2.5,105,-108,0.607678596,0.618080718,0.626406804
46081New OrleansUtah,46081,2/28/26,New Orleans,Utah,0,1,1,0,1,0.543478261,6.5,-110,-110,0.619657819,0.664810584,0.659454723
46082San AntonioNew York,46082,3/1/26,San Antonio,New York,0,1,0,1,1,0.548387097,1.5,-110,-110,0.399043288,0.361808442,0.319613475
46082MilwaukeeChicago,46082,3/1/26,Milwaukee,Chicago,0,1,1,0,0,0.542553191,2.5,-104,-100,0.657780207,0.70180921,0.766140128
46082DenverMinnesota,46082,3/1/26,Denver,Minnesota,1,1,0,0,1,0.547368421,2.5,-116,108,0.405957166,0.361792358,0.379312493
46082AtlantaPortland,46082,3/1/26,Atlanta,Portland,1,1,0,0,0,0.541666667,5.5,-108,100,0.420937855,0.38888943,0.330907588
46082Okla CityDallas,46082,3/1/26,Okla City,Dallas,0,1,1,0,0,0.536082474,15.5,101,-109,0.701165534,0.739252853,0.719494489
46083HoustonWashington,46083,3/2/26,Houston,Washington,0,1,0,1,1,0.540816327,14.5,-108,-102,0.35474305,0.29846173,0.257490038
46083DenverUtah,46083,3/2/26,Denver,Utah,0,1,0,1,1,0.545454545,11.5,-110,-110,0.344221271,0.279122484,0.287086297
46084CharlotteDallas,46084,3/3/26,Charlotte,Dallas,1,1,1,1,1,0.55,13.5,104,-108,0.592190792,0.648437017,0.523387628
46084San AntonioPhiladelphia,46084,3/3/26,San Antonio,Philadelphia,0,1,0,1,0,0.544554455,8.5,100,-109,0.409763178,0.383521048,0.286563196
46084Okla CityChicago,46084,3/3/26,Okla City,Chicago,0,1,0,1,1,0.549019608,10.5,108,-110,0.347259803,0.24569452,0.438917409
46084PhoenixSacramento,46084,3/3/26,Phoenix,Sacramento,0,1,1,0,1,0.553398058,9.5,-104,-102,0.634643384,0.724968981,0.64153696
46085Okla CityNew York,46085,3/4/26,Okla City,New York,0,1,1,0,0,0.548076923,3.5,-110,-110,0.612818971,0.639529384,0.67616045
46086OrlandoDallas,46086,3/5/26,Orlando,Dallas,1,1,0,0,1,0.552380952,9.5,101,-108,0.404617076,0.378396672,0.372054179
46086San AntonioDetroit,46086,3/5/26,San Antonio,Detroit,1,1,0,0,0,0.547169811,3.5,100,-104,0.369484149,0.318582407,0.264003343
46086New OrleansSacramento,46086,3/5/26,New Orleans,Sacramento,0,1,1,0,1,0.551401869,5.5,-110,-110,0.676723216,0.737559013,0.63410874
46088AtlantaPhiladelphia,46088,3/7/26,Atlanta,Philadelphia,1,1,0,0,0,0.546296296,6.5,-104,101,0.363579666,0.302054096,0.360220388
46089ClevelandBoston,46089,3/8/26,Cleveland,Boston,1,1,0,0,1,0.550458716,1.5,-110,-110,0.331526723,0.261063324,0.333063579
46089DetroitMiami,46089,3/8/26,Detroit,Miami,0,1,0,1,1,0.554545455,1.5,100,-104,0.407953786,0.32096404,0.373559936
46089New OrleansWashington,46089,3/8/26,New Orleans,Washington,1,1,1,1,1,0.558558559,10.5,-110,-110,0.595902194,0.647504191,0.704265968
46089OrlandoMilwaukee,46089,3/8/26,Orlando,Milwaukee,0,1,0,1,0,0.553571429,5.5,-110,100,0.415500339,0.36782352,0.339798842
46089San AntonioHouston,46089,3/8/26,San Antonio,Houston,1,1,0,0,0,0.548672566,5.5,-109,101,0.390587047,0.342557653,0.439141523
46089PortlandIndiana,46089,3/8/26,Portland,Indiana,1,1,1,1,1,0.552631579,9.5,110,-112,0.58178905,0.613334744,0.566587733
46090Okla CityDenver,46090,3/9/26,Okla City,Denver,1,1,1,1,0,0.547826087,6.5,111,-113,0.566164807,0.599548347,0.556124402
46091AtlantaDallas,46091,3/10/26,Atlanta,Dallas,1,1,1,1,1,0.551724138,10.5,104,-111,0.570966209,0.596564703,0.655814532
46091HoustonToronto,46091,3/10/26,Houston,Toronto,1,1,0,0,0,0.547008547,5.5,104,-109,0.345936195,0.278838221,0.324047354
46091San AntonioBoston,46091,3/10/26,San Antonio,Boston,1,1,0,0,0,0.542372881,3.5,-103,-100,0.334886919,0.263285131,0.307808988
46091MinnesotaLa Lakers,46091,3/10/26,Minnesota,La Lakers,0,1,0,1,1,0.546218487,2.5,-103,100,0.338661143,0.262753403,0.365165901
46092ClevelandOrlando,46092,3/11/26,Cleveland,Orlando,0,1,1,0,0,0.541666667,3.5,-104,102,0.692474042,0.774056889,0.712819994
46092TorontoNew Orleans,46092,3/11/26,Toronto,New Orleans,0,1,0,1,1,0.545454545,2.5,-110,-110,0.363316063,0.343902106,0.425066068
46092DenverHouston,46092,3/11/26,Denver,Houston,1,1,0,0,0,0.540983607,7.5,-102,-102,0.420530091,0.378067964,0.395212756
46092CharlotteSacramento,46092,3/11/26,Charlotte,Sacramento,0,1,1,0,0,0.536585366,12.5,-105,104,0.578046107,0.635446059,0.639400136
46092La ClippersMinnesota,46092,3/11/26,La Clippers,Minnesota,1,1,0,0,0,0.532258065,1.5,-108,100,0.399922332,0.344736977,0.494285911
46093OrlandoWashington,46093,3/12/26,Orlando,Washington,1,1,1,1,0,0.528,14.5,108,-111,0.621262961,0.687045326,0.632246129
46093DallasMemphis,46093,3/12/26,Dallas,Memphis,0,1,1,0,1,0.531746032,4.5,-111,105,0.640638765,0.690308717,0.750548048
46093Okla CityBoston,46093,3/12/26,Okla City,Boston,1,1,0,0,1,0.535433071,7.5,101,-109,0.367736147,0.325326355,0.376350513
46094New YorkIndiana,46094,3/13/26,New York,Indiana,0,1,1,0,0,0.53125,13.5,-110,-110,0.573087399,0.597096158,0.69271766
46094TorontoPhoenix,46094,3/13/26,Toronto,Phoenix,1,1,0,0,0,0.527131783,4.5,-112,108,0.457485733,0.446305252,0.348545678
46094MinnesotaGolden State,46094,3/13/26,Minnesota,Golden State,0,1,0,1,0,0.523076923,6.5,-107,-104,0.278584801,0.184133828,0.375510312
46095San AntonioCharlotte,46095,3/14/26,San Antonio,Charlotte,1,1,0,0,0,0.519083969,6.5,108,-118,0.345575908,0.280769255,0.470208242
46095DenverLa Lakers,46095,3/14/26,Denver,La Lakers,0,1,0,1,1,0.522727273,2.5,-108,104,0.367312803,0.305054374,0.324396825
46096PortlandPhiladelphia,46096,3/15/26,Portland,Philadelphia,0,1,0,1,1,0.526315789,8.5,105,-108,0.405676715,0.36763969,0.380178448
46097AtlantaOrlando,46097,3/16/26,Atlanta,Orlando,1,1,1,1,1,0.529850746,3.5,100,-103,0.632587153,0.697033135,0.626935613
46098DetroitWashington,46098,3/17/26,Detroit,Washington,0,1,1,0,0,0.525925926,19.5,-103,-103,0.584075804,0.567261591,0.650150645
46098ClevelandMilwaukee,46098,3/17/26,Cleveland,Milwaukee,0,1,0,1,1,0.529411765,10.5,-104,101,0.368774521,0.27924359,0.454230476
46098San AntonioSacramento,46098,3/17/26,San Antonio,Sacramento,0,1,1,0,1,0.532846715,13.5,-102,-104,0.641470156,0.682334495,0.715522538
46099PortlandIndiana,46099,3/18/26,Portland,Indiana,0,1,1,0,0,0.528985507,12.5,-106,100,0.641876073,0.692095272,0.553993283
46100DetroitWashington,46100,3/19/26,Detroit,Washington,0,1,0,1,0,0.525179856,13.5,-117,109,0.451354632,0.403006112,0.424304879
46100New OrleansLa Clippers,46100,3/19/26,New Orleans,La Clippers,1,1,1,1,1,0.528571429,1.5,-110,-110,0.580422409,0.61170107,0.643119372
46100MilwaukeeUtah,46100,3/19/26,Milwaukee,Utah,0,1,1,0,0,0.524822695,5.5,-110,-110,0.654660913,0.696117405,0.612120003
46101New YorkBrooklyn,46101,3/20/26,New York,Brooklyn,0,1,1,0,0,0.521126761,17.5,-110,-110,0.808962646,1,0.769203594
46101BostonMemphis,46101,3/20/26,Boston,Memphis,0,1,0,1,1,0.524475524,14.5,-118,112,0.407950833,0.392510691,0.470082438
46102ClevelandNew Orleans,46102,3/21/26,Cleveland,New Orleans,0,1,1,0,1,0.527777778,4.5,-110,-110,0.703018342,0.770017096,0.711268159
46102PhiladelphiaUtah,46102,3/21/26,Philadelphia,Utah,0,1,1,0,1,0.531034483,5.5,-110,-110,0.664518142,0.708339127,0.741240743
46103SacramentoBrooklyn,46103,3/22/26,Sacramento,Brooklyn,1,1,0,0,1,0.534246575,6.5,102,-104,0.387857171,0.348883012,0.465419869
46103New YorkWashington,46103,3/22/26,New York,Washington,1,1,1,1,1,0.537414966,21.5,-110,-110,0.636539571,0.71096045,0.576425375
46103TorontoPhoenix,46103,3/22/26,Toronto,Phoenix,0,1,0,1,1,0.540540541,3.5,-100,-108,0.42749104,0.410494623,0.320550162
46104OrlandoIndiana,46104,3/23/26,Orlando,Indiana,1,1,1,1,0,0.536912752,12.5,104,-106,0.595568664,0.629914847,0.618280345
46104HoustonChicago,46104,3/23/26,Houston,Chicago,0,1,0,1,1,0.54,8.5,-104,100,0.400066299,0.327703544,0.393154773
46104TorontoUtah,46104,3/23/26,Toronto,Utah,0,1,0,1,0,0.536423841,12.5,-110,-110,0.357098559,0.309998997,0.292237877
46104Golden StateDallas,46104,3/23/26,Golden State,Dallas,0,1,0,1,0,0.532894737,1.5,-112,104,0.348260723,0.244313762,0.31199229
46105CharlotteSacramento,46105,3/24/26,Charlotte,Sacramento,1,1,1,1,1,0.535947712,17.5,-102,101,0.631713598,0.663102865,0.549406735
46105DenverPhoenix,46105,3/24/26,Denver,Phoenix,0,1,0,1,1,0.538961039,5.5,-109,105,0.373848564,0.328646475,0.280633343
46106DetroitAtlanta,46106,3/25/26,Detroit,Atlanta,1,1,0,0,1,0.541935484,2.5,-115,109,0.394014409,0.358670354,0.397951133
46106La LakersIndiana,46106,3/25/26,La Lakers,Indiana,0,1,0,1,1,0.544871795,9.5,-106,-100,0.249460833,0.1164448,0.258830152
46106Okla CityBoston,46106,3/25/26,Okla City,Boston,0,1,1,0,0,0.541401274,2.5,105,-107,0.679388574,0.761430009,0.709242829
46106ClevelandMiami,46106,3/25/26,Cleveland,Miami,1,1,0,0,1,0.544303797,2.5,-104,103,0.434688343,0.399340005,0.391254801
46106UtahWashington,46106,3/25/26,Utah,Washington,1,1,1,1,0,0.540880503,4.5,-110,-110,0.674308836,0.746213497,0.665727992
46106HoustonMinnesota,46106,3/25/26,Houston,Minnesota,0,1,0,1,1,0.54375,1.5,-108,103,0.336590606,0.25515768,0.260641129
46106Golden StateBrooklyn,46106,3/25/26,Golden State,Brooklyn,1,1,1,1,0,0.540372671,12.5,100,-104,0.662315569,0.70580852,0.577336492
46106PortlandMilwaukee,46106,3/25/26,Portland,Milwaukee,1,1,1,1,1,0.543209877,12.5,-103,101,0.594321581,0.614739728,0.585354522
46108HoustonMemphis,46108,3/27/26,Houston,Memphis,0,1,1,0,0,0.539877301,13.5,101,-104,0.58691367,0.593566222,0.598838463
46108Golden StateWashington,46108,3/27/26,Golden State,Washington,1,1,1,1,0,0.536585366,13.5,-107,105,0.763858476,0.914413734,0.537855526
46108PortlandDallas,46108,3/27/26,Portland,Dallas,1,1,1,1,0,0.533333333,10.5,104,-106,0.71286618,0.79376033,0.573753654
46109San AntonioMilwaukee,46109,3/28/26,San Antonio,Milwaukee,0,1,1,0,1,0.536144578,17.5,108,-112,0.617133807,0.647101537,0.654910708
46109DetroitMinnesota,46109,3/28/26,Detroit,Minnesota,0,1,0,1,0,0.532934132,1.5,-108,100,0.354690451,0.288903795,0.387257792
46109CharlottePhiladelphia,46109,3/28/26,Charlotte,Philadelphia,1,1,1,1,0,0.529761905,5.5,-113,109,0.615230919,0.653757316,0.591632692
46109ChicagoMemphis,46109,3/28/26,Chicago,Memphis,0,1,0,1,1,0.532544379,4.5,-104,-107,0.358681396,0.247899178,0.385416697
46110La ClippersMilwaukee,46110,3/29/26,La Clippers,Milwaukee,0,1,1,0,0,0.529411765,16.5,-104,100,0.642224097,0.710782907,0.621050448
46110PortlandWashington,46110,3/29/26,Portland,Washington,1,1,1,1,1,0.532163743,16.5,-107,101,0.62916559,0.692886209,0.591022102
46111PhiladelphiaMiami,46111,3/30/26,Philadelphia,Miami,0,1,0,1,1,0.534883721,2.5,102,-104,0.305026371,0.186710733,0.345613952
46111AtlantaBoston,46111,3/30/26,Atlanta,Boston,1,1,0,0,0,0.531791908,2.5,100,-107,0.370216176,0.32908189,0.388048796
46111PhoenixMemphis,46111,3/30/26,Phoenix,Memphis,0,1,0,1,0,0.528735632,12.5,-110,100,0.312331193,0.22010086,0.379050212
46111MinnesotaDallas,46111,3/30/26,Minnesota,Dallas,0,1,0,1,0,0.525714286,7.5,-108,102,0.242694286,0.131043709,0.323566521
46111ClevelandUtah,46111,3/30/26,Cleveland,Utah,0,1,0,1,1,0.528409091,17.5,-110,-110,0.342913553,0.24658579,0.351255393
46111La LakersWashington,46111,3/30/26,La Lakers,Washington,1,1,1,1,1,0.531073446,16.5,103,-106,0.565514394,0.607881565,0.601329412
46112CharlotteBrooklyn,46112,3/31/26,Charlotte,Brooklyn,0,1,0,1,0,0.528089888,17.5,102,-106,0.364518786,0.329153155,0.355609261
46112New YorkHouston,46112,3/31/26,New York,Houston,0,1,0,1,1,0.530726257,1.5,106,-110,0.419154322,0.391900536,0.328032217
46113PhiladelphiaWashington,46113,4/1/26,Philadelphia,Washington,0,1,0,1,0,0.527777778,14.5,-104,-105,0.32292007,0.235307751,0.249805811
46113AtlantaOrlando,46113,4/1/26,Atlanta,Orlando,0,1,1,0,1,0.53038674,2.5,-110,105,0.808565706,0.975230298,0.714305104
46113BostonMiami,46113,4/1/26,Boston,Miami,0,1,1,0,1,0.532967033,4.5,-102,-101,0.602368276,0.648772741,0.532780464
46113DenverUtah,46113,4/1/26,Denver,Utah,0,1,0,1,1,0.535519126,17.5,-110,-110,0.305120939,0.204654511,0.356067724
46113San AntonioGolden State,46113,4/1/26,San Antonio,Golden State,0,1,1,0,1,0.538043478,13.5,-109,-100,0.700399609,0.78253389,0.620483925
46114Okla CityLa Lakers,46114,4/2/26,Okla City,La Lakers,1,1,0,0,0,0.535135135,8.5,-109,106,0.479904017,0.483918652,0.301119608
46114San AntonioLa Clippers,46114,4/2/26,San Antonio,La Clippers,0,1,0,1,0,0.532258065,3.5,-108,-102,0.418607333,0.39748133,0.351442992
46115CharlotteIndiana,46115,4/3/26,Charlotte,Indiana,1,1,1,1,1,0.534759358,16.5,108,-115,0.59467758,0.641240269,0.673578432
46115TorontoMemphis,46115,4/3/26,Toronto,Memphis,0,1,0,1,0,0.531914894,14.5,102,-107,0.286299375,0.195406111,0.32437285
46115BostonMilwaukee,46115,4/3/26,Boston,Milwaukee,0,1,1,0,1,0.534391534,17.5,-102,-102,0.679283629,0.740764085,0.792841152
46115New OrleansSacramento,46115,4/3/26,New Orleans,Sacramento,0,1,1,0,0,0.531578947,5.5,-110,-110,0.70561468,0.791006149,0.61496846
46117BrooklynWashington,46117,4/5/26,Brooklyn,Washington,1,1,1,1,1,0.534031414,3.5,102,-104,0.769848417,0.913662769,0.62204465
46117MilwaukeeMemphis,46117,4/5/26,Milwaukee,Memphis,1,1,1,1,1,0.536458333,7.5,106,-112,0.606381214,0.659049417,0.636470553
46117CharlotteMinnesota,46117,4/5/26,Charlotte,Minnesota,0,1,0,1,0,0.533678756,3.5,-107,102,0.358635443,0.30402504,0.429194349
46117La LakersDallas,46117,4/5/26,La Lakers,Dallas,0,1,0,1,1,0.536082474,1.5,-107,100,0.425406809,0.393311646,0.42222705
46117La ClippersSacramento,46117,4/5/26,La Clippers,Sacramento,0,1,1,0,1,0.538461538,13.5,102,-107,0.642548384,0.716160502,0.65808336
46117HoustonGolden State,46117,4/5/26,Houston,Golden State,0,1,0,1,1,0.540816327,3.5,-104,-102,0.401052289,0.367124999,0.419689705
46118ClevelandMemphis,46118,4/6/26,Cleveland,Memphis,1,1,0,0,0,0.538071066,12.5,-101,101,0.401691551,0.365330964,0.332368129
46119MinnesotaIndiana,46119,4/7/26,Minnesota,Indiana,0,1,0,1,0,0.535353535,12.5,102,-102,0.365178182,0.307698216,0.367835070
46119MilwaukeeBrooklyn,46119,4/7/26,Milwaukee,Brooklyn,0,1,0,1,1,0.537688442,2.5,111,-111,0.347090454,0.293164719,0.524285411