date,favorite,underdog,spread,model_name,model_type,probability,predicted_cover,actual_cover,correct,week,Date,Favorite,Underdog,Fav. Odds,Dog Odds,fav_implied_prob,dog_implied_prob,model_fav_prob,model_dog_prob,regressed_fav_prob,regressed_dog_prob,fav_predictive_edge,dog_predictive_edge,best_edge,best_side,regressed_prediction,regressed_correct
2025-10-22,Cleveland,New York,1.5,decision_tree,Away Favorite,0.4166666666666667,0.0,0,True,43,2025-10-22,Cleveland,New York,-110,-110,0.5238095238095238,0.5238095238095238,0.4166666666666667,0.5833333333333333,0.48630952380952386,0.5446428571428571,-0.03749999999999998,0.02083333333333326,0.02083333333333326,underdog,0,1
2025-10-22,Charlotte,Brooklyn,5.5,decision_tree,Home Favorite,0.6119402985074627,1.0,1,True,43,2025-10-22,Charlotte,Brooklyn,109,-113,0.4784688995215311,0.5305164319248826,0.6119402985074627,0.3880597014925373,0.5251838891666072,0.48065657627356173,0.04671498964507609,-0.049859855651320895,0.04671498964507609,favorite,1,1
2025-10-22,Orlando,Miami,8.5,decision_tree,Home Favorite,0.6119402985074627,1.0,0,False,43,2025-10-22,Orlando,Miami,100,-103,0.5,0.5073891625615764,0.6119402985074627,0.3880597014925373,0.539179104477612,0.4656238511874127,0.03917910447761197,-0.04176531137416373,0.03917910447761197,favorite,1,0
2025-10-22,Atlanta,Toronto,5.5,decision_tree,Home Favorite,0.6119402985074627,1.0,0,False,43,2025-10-22,Atlanta,Toronto,-101,100,0.5024875621890548,0.5,0.6119402985074627,0.3880597014925373,0.5407960199004975,0.46082089552238803,0.038308457711442756,-0.03917910447761197,0.038308457711442756,favorite,1,0
2025-10-22,Boston,Philadelphia,4.5,decision_tree,Home Favorite,0.6119402985074627,1.0,0,False,43,2025-10-22,Boston,Philadelphia,-104,101,0.5098039215686274,0.4975124378109453,0.6119402985074627,0.3880597014925373,0.5455516534972198,0.4592039800995025,0.035747731928592374,-0.03830845771144281,0.035747731928592374,favorite,1,0
2025-10-22,Detroit,Chicago,2.5,decision_tree,Away Favorite,0.4166666666666667,0.0,0,True,43,2025-10-22,Detroit,Chicago,-105,100,0.5121951219512195,0.5,0.4166666666666667,0.5833333333333333,0.478760162601626,0.5291666666666667,-0.03343495934959351,0.029166666666666674,0.029166666666666674,underdog,0,1
2025-10-22,Memphis,New Orleans,3.5,decision_tree,Home Favorite,0.6119402985074627,1.0,1,True,43,2025-10-22,Memphis,New Orleans,-110,-110,0.5238095238095238,0.5238095238095238,0.6119402985074627,0.3880597014925373,0.5546552949538024,0.47629708599857856,0.030845771144278555,-0.047512437810945274,0.030845771144278555,favorite,1,1
2025-10-22,Milwaukee,Washington,10.5,decision_tree,Home Favorite,0.6119402985074627,1.0,1,True,43,2025-10-22,Milwaukee,Washington,105,-117,0.4878048780487805,0.5391705069124424,0.6119402985074627,0.3880597014925373,0.5312522752093193,0.4862817250154756,0.0434473971605388,-0.052888781896966774,0.0434473971605388,favorite,1,1
2025-10-22,La Clippers,Utah,9.5,decision_tree,Away Favorite,0.4166666666666667,0.0,0,True,43,2025-10-22,La Clippers,Utah,-110,-110,0.5238095238095238,0.5238095238095238,0.4166666666666667,0.5833333333333333,0.48630952380952386,0.5446428571428571,-0.03749999999999998,0.02083333333333326,0.02083333333333326,underdog,0,1
2025-10-22,Dallas,San Antonio,2.5,decision_tree,Home Favorite,0.6119402985074627,1.0,0,False,43,2025-10-22,Dallas,San Antonio,-110,-110,0.5238095238095238,0.5238095238095238,0.6119402985074627,0.3880597014925373,0.5546552949538024,0.47629708599857856,0.030845771144278555,-0.047512437810945274,0.030845771144278555,favorite,1,0
2025-10-22,Phoenix,Sacramento,4.5,decision_tree,Home Favorite,0.6119402985074627,1.0,0,False,43,2025-10-22,Phoenix,Sacramento,104,-108,0.49019607843137253,0.5192307692307693,0.6119402985074627,0.3880597014925373,0.532806555458004,0.4733208955223881,0.04261047702663151,-0.04590987370838118,0.04261047702663151,favorite,1,0
2025-10-22,Minnesota,Portland,4.5,decision_tree,Away Favorite,0.4166666666666667,0.0,0,True,43,2025-10-22,Minnesota,Portland,-110,-110,0.5238095238095238,0.5238095238095238,0.4166666666666667,0.5833333333333333,0.48630952380952386,0.5446428571428571,-0.03749999999999998,0.02083333333333326,0.02083333333333326,underdog,0,1
2025-10-23,Okla City,Indiana,8.5,decision_tree,Away Favorite,0.2459016393442623,0.0,0,True,43,2025-10-23,Okla City,Indiana,-110,-110,0.5238095238095238,0.5238095238095238,0.2459016393442623,0.7540983606557377,0.4265417642466823,0.6044106167056986,-0.09726775956284156,0.08060109289617479,0.08060109289617479,underdog,0,1
2025-10-23,Golden State,Denver,2.5,decision_tree,Home Favorite,0.3076923076923077,0.0,1,False,43,2025-10-23,Golden State,Denver,-110,-110,0.5238095238095238,0.5238095238095238,0.3076923076923077,0.6923076923076923,0.4481684981684982,0.5827838827838827,-0.07564102564102565,0.058974358974358876,0.058974358974358876,underdog,0,0
2025-10-24,Toronto,Milwaukee,1.5,decision_tree,Home Favorite,1.0,1.0,0,False,43,2025-10-24,Toronto,Milwaukee,-107,102,0.5169082125603864,0.49504950495049505,1.0,0.0,0.6859903381642511,0.3217821782178218,0.1690821256038647,-0.17326732673267325,0.1690821256038647,favorite,1,0
2025-10-24,Orlando,Atlanta,4.5,decision_tree,Home Favorite,0.7272727272727273,1.0,0,False,43,2025-10-24,Orlando,Atlanta,-107,105,0.5169082125603864,0.4878048780487805,0.7272727272727273,0.2727272727272727,0.5905357927097057,0.4125277161862528,0.07362758014931925,-0.0752771618625277,0.07362758014931925,favorite,1,0
2025-10-24,Cleveland,Brooklyn,11.5,decision_tree,Away Favorite,0.0,0.0,0,True,43,2025-10-24,Cleveland,Brooklyn,-106,-103,0.5145631067961165,0.5073891625615764,0.0,1.0,0.3344660194174757,0.6798029556650247,-0.18009708737864077,0.1724137931034483,0.1724137931034483,underdog,0,1
2025-10-24,New York,Boston,3.5,decision_tree,Home Favorite,0.3110047846889952,0.0,1,False,43,2025-10-24,New York,Boston,-110,-110,0.5238095238095238,0.5238095238095238,0.3110047846889952,0.6889952153110048,0.4493278651173388,0.5816245158350422,-0.07448165869218504,0.05781499202551832,0.05781499202551832,underdog,0,0
2025-10-24,Houston,Detroit,6.5,decision_tree,Home Favorite,0.0,0.0,0,True,43,2025-10-24,Houston,Detroit,103,-106,0.49261083743842365,0.5145631067961165,0.0,1.0,0.32019704433497537,0.6844660194174756,-0.1724137931034483,0.16990291262135915,0.16990291262135915,underdog,0,1
2025-10-24,Memphis,Miami,2.5,decision_tree,Home Favorite,0.6435643564356436,1.0,0,False,43,2025-10-24,Memphis,Miami,-106,101,0.5145631067961165,0.4975124378109453,0.6435643564356436,0.3564356435643564,0.559713544169951,0.4481355598246392,0.04515043737383451,-0.04937687798630608,0.04515043737383451,favorite,1,0
2025-10-24,San Antonio,New Orleans,4.5,decision_tree,Away Favorite,0.2419354838709677,0.0,0,True,43,2025-10-24,San Antonio,New Orleans,-110,-110,0.5238095238095238,0.5238095238095238,0.2419354838709677,0.7580645161290323,0.4251536098310292,0.6057987711213517,-0.09865591397849466,0.08198924731182788,0.08198924731182788,underdog,0,1
2025-10-24,Dallas,Washington,9.5,decision_tree,Home Favorite,0.6435643564356436,1.0,0,False,43,2025-10-24,Dallas,Washington,-110,-110,0.5238095238095238,0.5238095238095238,0.6435643564356436,0.3564356435643564,0.5657237152286657,0.46522866572371524,0.04191419141914188,-0.058580858085808596,0.04191419141914188,favorite,1,0
2025-10-24,Minnesota,La Lakers,2.5,decision_tree,Away Favorite,0.9655172413793104,1.0,0,False,43,2025-10-24,Minnesota,La Lakers,106,-112,0.4854368932038835,0.5283018867924528,0.9655172413793104,0.03448275862068961,0.653465015065283,0.3554651919323357,0.16802812186139948,-0.1728366948601171,0.16802812186139948,favorite,1,0
2025-10-24,Golden State,Portland,2.5,decision_tree,Away Favorite,0.84,1.0,0,False,43,2025-10-24,Golden State,Portland,-110,-110,0.5238095238095238,0.5238095238095238,0.84,0.16000000000000003,0.6344761904761904,0.3964761904761905,0.11066666666666658,-0.12733333333333335,0.11066666666666658,favorite,1,0
2025-10-24,Sacramento,Utah,5.5,decision_tree,Home Favorite,0.0,0.0,0,True,43,2025-10-24,Sacramento,Utah,-110,-110,0.5238095238095238,0.5238095238095238,0.0,1.0,0.3404761904761905,0.6904761904761905,-0.18333333333333335,0.16666666666666663,0.16666666666666663,underdog,0,1
2025-10-24,La Clippers,Phoenix,9.5,decision_tree,Home Favorite,0.3428571428571428,0.0,1,False,43,2025-10-24,La Clippers,Phoenix,-108,103,0.5192307692307693,0.49261083743842365,0.3428571428571428,0.6571428571428573,0.4575,0.5501970443349754,-0.061730769230769256,0.05758620689655175,0.05758620689655175,underdog,0,0
2025-10-25,Orlando,Chicago,6.5,decision_tree,Home Favorite,0.4269662921348314,0.0,1,False,43,2025-10-25,Orlando,Chicago,112,-119,0.4716981132075472,0.54337899543379,0.4269662921348314,0.5730337078651686,0.4560419758320966,0.5537581447847725,-0.015656137375450574,0.010379149350982497,0.010379149350982497,underdog,0,0
2025-10-25,Okla City,Atlanta,6.5,decision_tree,Away Favorite,0.9310344827586208,1.0,1,True,43,2025-10-25,Okla City,Atlanta,101,-108,0.4975124378109453,0.5192307692307693,0.9310344827586208,0.06896551724137923,0.6492451535426317,0.3616379310344828,0.1517327157316864,-0.1575928381962865,0.1517327157316864,favorite,1,1
2025-10-25,Philadelphia,Charlotte,4.5,decision_tree,Home Favorite,0.6129032258064516,1.0,0,False,43,2025-10-25,Philadelphia,Charlotte,-106,102,0.5145631067961165,0.49504950495049505,0.6129032258064516,0.3870967741935484,0.5489821484497338,0.4572660491855637,0.03441904165361731,-0.03778345576493136,0.03441904165361731,favorite,1,0
2025-10-25,Memphis,Indiana,1.5,decision_tree,Home Favorite,0.0,0.0,1,False,43,2025-10-25,Memphis,Indiana,105,-113,0.4878048780487805,0.5305164319248826,0.0,1.0,0.3170731707317073,0.6948356807511737,-0.17073170731707316,0.16431924882629112,0.16431924882629112,underdog,0,0
2025-10-25,Denver,Phoenix,13.5,decision_tree,Home Favorite,0.6547619047619048,1.0,1,True,43,2025-10-25,Denver,Phoenix,106,-113,0.4854368932038835,0.5305164319248826,0.6547619047619048,0.34523809523809523,0.544700647249191,0.465669014084507,0.05926375404530748,-0.06484741784037562,0.05926375404530748,favorite,1,1
2025-10-26,San Antonio,Brooklyn,10.5,decision_tree,Away Favorite,0.0,0.0,0,True,43,2025-10-26,San Antonio,Brooklyn,-111,105,0.5260663507109005,0.4878048780487805,0.0,1.0,0.3419431279620853,0.6670731707317072,-0.18412322274881515,0.17926829268292677,0.17926829268292677,underdog,0,1
2025-10-26,Detroit,Boston,3.5,decision_tree,Home Favorite,0.5384615384615384,1.0,1,True,43,2025-10-26,Detroit,Boston,-104,-103,0.5098039215686274,0.5073891625615764,0.5384615384615384,0.46153846153846156,0.5198340874811462,0.49134141720348623,0.010030165912518818,-0.01604774535809017,0.010030165912518818,favorite,1,1
2025-10-26,Cleveland,Milwaukee,6.5,decision_tree,Home Favorite,0.782608695652174,1.0,0,False,43,2025-10-26,Cleveland,Milwaukee,-105,-101,0.5121951219512195,0.5024875621890548,0.782608695652174,0.21739130434782605,0.6068398727465536,0.40270387194462476,0.09464475079533408,-0.09978369024443001,0.09464475079533408,favorite,1,0
2025-10-26,New York,Miami,2.5,decision_tree,Away Favorite,0.8809523809523809,1.0,0,False,43,2025-10-26,New York,Miami,-110,-110,0.5238095238095238,0.5238095238095238,0.8809523809523809,0.11904761904761907,0.6488095238095237,0.3821428571428572,0.12499999999999989,-0.14166666666666666,0.12499999999999989,favorite,1,0
2025-10-26,Washington,Charlotte,2.5,decision_tree,Home Favorite,0.782608695652174,1.0,0,False,43,2025-10-26,Washington,Charlotte,101,-111,0.4975124378109453,0.5260663507109005,0.782608695652174,0.21739130434782605,0.5972961280553752,0.4180300844838244,0.09978369024442996,-0.10803626622707607,0.09978369024442996,favorite,1,0
2025-10-26,Minnesota,Indiana,12.5,decision_tree,Home Favorite,0.3142857142857143,0.0,0,True,43,2025-10-26,Minnesota,Indiana,102,-105,0.49504950495049505,0.5121951219512195,0.3142857142857143,0.6857142857142857,0.4317821782178218,0.5729268292682927,-0.06326732673267327,0.060731707317073225,0.060731707317073225,underdog,0,1
2025-10-26,Dallas,Toronto,1.5,decision_tree,Home Favorite,0.782608695652174,1.0,1,True,43,2025-10-26,Dallas,Toronto,-110,-110,0.5238095238095238,0.5238095238095238,0.782608695652174,0.21739130434782605,0.6143892339544513,0.4165631469979296,0.0905797101449275,-0.10724637681159421,0.0905797101449275,favorite,1,1
2025-10-26,La Clippers,Portland,8.5,decision_tree,Home Favorite,0.0,0.0,0,True,43,2025-10-26,La Clippers,Portland,-110,-110,0.5238095238095238,0.5238095238095238,0.0,1.0,0.3404761904761905,0.6904761904761905,-0.18333333333333335,0.16666666666666663,0.16666666666666663,underdog,0,1
2025-10-26,La Lakers,Sacramento,2.5,decision_tree,Away Favorite,0.1081081081081081,0.0,1,False,43,2025-10-26,La Lakers,Sacramento,-111,107,0.5260663507109005,0.4830917874396135,0.1081081081081081,0.8918918918918919,0.37978096579992315,0.6261718239979109,-0.1462853849109773,0.14308003655829743,0.14308003655829743,underdog,0,0
2025-10-27,Cleveland,Detroit,2.5,decision_tree,Away Favorite,0.2727272727272727,0.0,1,False,44,2025-10-27,Cleveland,Detroit,100,-102,0.5,0.504950495049505,0.2727272727272727,0.7272727272727273,0.42045454545454547,0.5827632763276327,-0.07954545454545453,0.07781278127812774,0.07781278127812774,underdog,0,0
2025-10-27,Orlando,Philadelphia,5.5,decision_tree,Away Favorite,0.1111111111111111,0.0,0,True,44,2025-10-27,Orlando,Philadelphia,-117,113,0.5391705069124424,0.4694835680751174,0.1111111111111111,0.8888888888888888,0.3893497183819764,0.6162754303599374,-0.149820788530466,0.14679186228482,0.14679186228482,underdog,0,1
2025-10-27,Atlanta,Chicago,2.5,decision_tree,Away Favorite,0.0,0.0,0,True,44,2025-10-27,Atlanta,Chicago,101,-107,0.4975124378109453,0.5169082125603864,0.0,1.0,0.32338308457711445,0.6859903381642511,-0.17412935323383083,0.1690821256038647,0.1690821256038647,underdog,0,1
2025-10-27,Houston,Brooklyn,15.5,decision_tree,Home Favorite,0.0,0.0,1,False,44,2025-10-27,Houston,Brooklyn,-106,104,0.5145631067961165,0.49019607843137253,0.0,1.0,0.3344660194174757,0.6686274509803921,-0.18009708737864077,0.17843137254901958,0.17843137254901958,underdog,0,0
2025-10-27,New Orleans,Boston,1.5,decision_tree,Home Favorite,0.0,0.0,0,True,44,2025-10-27,New Orleans,Boston,-110,-110,0.5238095238095238,0.5238095238095238,0.0,1.0,0.3404761904761905,0.6904761904761905,-0.18333333333333335,0.16666666666666663,0.16666666666666663,underdog,0,1
2025-10-27,San Antonio,Toronto,4.5,decision_tree,Away Favorite,0.3548387096774194,0.0,0,True,44,2025-10-27,San Antonio,Toronto,-107,106,0.5169082125603864,0.4854368932038835,0.3548387096774194,0.6451612903225806,0.460183886551348,0.5413404321954275,-0.05672432600903843,0.05590353899154399,0.05590353899154399,underdog,0,1
2025-10-27,Okla City,Dallas,8.5,decision_tree,Away Favorite,0.2727272727272727,0.0,0,True,44,2025-10-27,Okla City,Dallas,-110,-110,0.5238095238095238,0.5238095238095238,0.2727272727272727,0.7272727272727273,0.43593073593073595,0.595021645021645,-0.08787878787878789,0.07121212121212117,0.07121212121212117,underdog,0,1
2025-10-27,Utah,Phoenix,1.5,decision_tree,Home Favorite,0.5824175824175825,1.0,1,True,44,2025-10-27,Utah,Phoenix,-110,-110,0.5238095238095238,0.5238095238095238,0.5824175824175825,0.41758241758241754,0.5443223443223444,0.4866300366300366,0.02051282051282055,-0.037179487179487214,0.02051282051282055,favorite,1,1
2025-10-27,Denver,Minnesota,6.5,decision_tree,Away Favorite,0.7,1.0,1,True,44,2025-10-27,Denver,Minnesota,-104,100,0.5098039215686274,0.5,0.7,0.30000000000000004,0.5763725490196078,0.43000000000000005,0.06656862745098036,-0.06999999999999995,0.06656862745098036,favorite,1,1
2025-10-27,Golden State,Memphis,7.5,decision_tree,Away Favorite,0.2727272727272727,0.0,0,True,44,2025-10-27,Golden State,Memphis,-112,106,0.5283018867924528,0.4854368932038835,0.2727272727272727,0.7272727272727273,0.43885077186963983,0.5700794351279788,-0.08945111492281299,0.08464254192409526,0.08464254192409526,underdog,0,1
2025-10-27,Portland,La Lakers,2.5,decision_tree,Away Favorite,0.0625,0.0,1,False,44,2025-10-27,Portland,La Lakers,-110,-110,0.5238095238095238,0.5238095238095238,0.0625,0.9375,0.36235119047619047,0.6686011904761905,-0.16145833333333337,0.14479166666666665,0.14479166666666665,underdog,0,0
2025-10-28,Philadelphia,Washington,4.5,decision_tree,Away Favorite,0.8260869565217391,1.0,1,True,44,2025-10-28,Philadelphia,Washington,-110,-110,0.5238095238095238,0.5238095238095238,0.8260869565217391,0.17391304347826086,0.6296066252587992,0.4013457556935818,0.10579710144927534,-0.12246376811594206,0.10579710144927534,favorite,1,1
2025-10-28,Miami,Charlotte,6.5,decision_tree,Home Favorite,0.8367346938775511,1.0,1,True,44,2025-10-28,Miami,Charlotte,-110,-110,0.5238095238095238,0.5238095238095238,0.8367346938775511,0.16326530612244894,0.6333333333333333,0.3976190476190476,0.10952380952380947,-0.12619047619047624,0.10952380952380947,favorite,1,1
2025-10-28,New York,Milwaukee,1.5,decision_tree,Away Favorite,0.5526315789473685,1.0,0,False,44,2025-10-28,New York,Milwaukee,-110,-110,0.5238095238095238,0.5238095238095238,0.5526315789473685,0.4473684210526315,0.5338972431077694,0.4970551378446115,0.01008771929824559,-0.02675438596491231,0.01008771929824559,favorite,1,0
2025-10-28,Okla City,Sacramento,10.5,decision_tree,Home Favorite,0.3300492610837438,0.0,0,True,44,2025-10-28,Okla City,Sacramento,-110,-110,0.5238095238095238,0.5238095238095238,0.3300492610837438,0.6699507389162562,0.4559934318555008,0.5749589490968802,-0.06781609195402305,0.05114942528735633,0.05114942528735633,underdog,0,1
2025-10-28,La Clippers,Golden State,1.5,decision_tree,Away Favorite,0.6590909090909091,1.0,0,False,44,2025-10-28,La Clippers,Golden State,-110,-110,0.5238095238095238,0.5238095238095238,0.6590909090909091,0.34090909090909094,0.5711580086580086,0.4597943722943723,0.04734848484848475,-0.06401515151515152,0.04734848484848475,favorite,1,0
2025-10-29,Houston,Toronto,5.5,decision_tree,Away Favorite,0.0,0.0,1,False,44,2025-10-29,Houston,Toronto,-102,-106,0.504950495049505,0.5145631067961165,0.0,1.0,0.32821782178217823,0.6844660194174756,-0.17673267326732672,0.16990291262135915,0.16990291262135915,underdog,0,0
2025-10-29,Cleveland,Boston,3.5,decision_tree,Away Favorite,0.4285714285714285,0.0,0,True,44,2025-10-29,Cleveland,Boston,103,-106,0.49261083743842365,0.5145631067961165,0.4285714285714285,0.5714285714285715,0.47019704433497533,0.5344660194174757,-0.02241379310344832,0.019902912621359237,0.019902912621359237,underdog,0,1
2025-10-29,Orlando,Detroit,1.5,decision_tree,Away Favorite,1.0,1.0,0,False,44,2025-10-29,Orlando,Detroit,-110,108,0.5238095238095238,0.4807692307692308,1.0,0.0,0.6904761904761905,0.3125,0.16666666666666663,-0.16826923076923078,0.16666666666666663,favorite,1,0
2025-10-29,Atlanta,Brooklyn,8.5,decision_tree,Away Favorite,0.6444444444444445,1.0,0,False,44,2025-10-29,Atlanta,Brooklyn,105,-111,0.4878048780487805,0.5260663507109005,0.6444444444444445,0.3555555555555555,0.5426287262872629,0.4663875724065297,0.05482384823848241,-0.05967877830437074,0.05482384823848241,favorite,1,0
2025-10-29,Chicago,Sacramento,4.5,decision_tree,Home Favorite,0.5833333333333334,1.0,1,True,44,2025-10-29,Chicago,Sacramento,-111,106,0.5260663507109005,0.4854368932038835,0.5833333333333334,0.41666666666666663,0.546109794628752,0.4613673139158576,0.02004344391785151,-0.02406957928802589,0.02004344391785151,favorite,1,1
2025-10-29,Dallas,Indiana,5.5,decision_tree,Home Favorite,0.1489361702127659,0.0,0,True,44,2025-10-29,Dallas,Indiana,-114,103,0.5327102803738317,0.49261083743842365,0.1489361702127659,0.8510638297872342,0.3983893418174587,0.6180693847605073,-0.134320938556373,0.12545854732208367,0.12545854732208367,underdog,0,1
2025-10-29,Denver,New Orleans,12.5,decision_tree,Home Favorite,0.0,0.0,1,False,44,2025-10-29,Denver,New Orleans,-110,-110,0.5238095238095238,0.5238095238095238,0.0,1.0,0.3404761904761905,0.6904761904761905,-0.18333333333333335,0.16666666666666663,0.16666666666666663,underdog,0,0
2025-10-29,Portland,Utah,3.5,decision_tree,Away Favorite,0.5384615384615384,1.0,0,False,44,2025-10-29,Portland,Utah,-110,-110,0.5238095238095238,0.5238095238095238,0.5384615384615384,0.46153846153846156,0.528937728937729,0.502014652014652,0.00512820512820511,-0.02179487179487183,0.00512820512820511,favorite,1,0
2025-10-29,Minnesota,La Lakers,7.5,decision_tree,Home Favorite,0.3870967741935484,0.0,0,True,44,2025-10-29,Minnesota,La Lakers,-101,-109,0.5024875621890548,0.5215311004784688,0.3870967741935484,0.6129032258064516,0.46210078639062757,0.5535113443432628,-0.0403867757984272,0.03198024386479392,0.03198024386479392,underdog,0,1
2025-10-29,Memphis,Phoenix,1.5,decision_tree,Away Favorite,1.0,1.0,0,False,44,2025-10-29,Memphis,Phoenix,-109,101,0.5215311004784688,0.4975124378109453,1.0,0.0,0.6889952153110047,0.32338308457711445,0.16746411483253587,-0.17412935323383083,0.16746411483253587,favorite,1,0
2025-10-30,Orlando,Charlotte,1.5,decision_tree,Away Favorite,0.95,1.0,1,True,44,2025-10-30,Orlando,Charlotte,-122,109,0.5495495495495496,0.4784688995215311,0.95,0.050000000000000044,0.6897072072072072,0.32850478468899524,0.14015765765765764,-0.14996411483253586,0.14015765765765764,favorite,1,1
2025-10-30,Golden State,Milwaukee,3.5,decision_tree,Away Favorite,0.25,0.0,0,True,44,2025-10-30,Golden State,Milwaukee,-101,-111,0.5024875621890548,0.5260663507109005,0.25,0.75,0.41411691542288565,0.6044431279620852,-0.08837064676616913,0.07837677725118475,0.07837677725118475,underdog,0,1
2025-10-30,Okla City,Washington,15.5,decision_tree,Away Favorite,1.0,1.0,0,False,44,2025-10-30,Okla City,Washington,101,-107,0.4975124378109453,0.5169082125603864,1.0,0.0,0.6733830845771145,0.3359903381642512,0.1758706467661692,-0.18091787439613521,0.1758706467661692,favorite,1,0
2025-10-30,San Antonio,Miami,5.5,decision_tree,Away Favorite,0.2313432835820895,0.0,0,True,44,2025-10-30,San Antonio,Miami,-107,103,0.5169082125603864,0.49261083743842365,0.2313432835820895,0.7686567164179106,0.41696048741798253,0.589226895081244,-0.09994772514240391,0.09661605764282039,0.09661605764282039,underdog,0,1
2025-10-31,Atlanta,Indiana,2.5,decision_tree,Away Favorite,0.1630434782608695,0.0,1,False,44,2025-10-31,Atlanta,Indiana,103,-106,0.49261083743842365,0.5145631067961165,0.1630434782608695,0.8369565217391305,0.3772622617262797,0.6274008020261714,-0.11534857571214396,0.11283769523005494,0.11283769523005494,underdog,0,0
2025-10-31,Boston,Philadelphia,1.5,decision_tree,Away Favorite,0.4782608695652174,0.0,0,True,44,2025-10-31,Boston,Philadelphia,-102,-107,0.504950495049505,0.5169082125603864,0.4782608695652174,0.5217391304347826,0.4956091261300043,0.5185990338164251,-0.009341368919500659,0.0016908212560386993,0.0016908212560386993,underdog,0,1
2025-10-31,Cleveland,Toronto,4.5,decision_tree,Home Favorite,1.0,1.0,0,False,44,2025-10-31,Cleveland,Toronto,-102,-105,0.504950495049505,0.5121951219512195,1.0,0.0,0.6782178217821782,0.3329268292682927,0.1732673267326732,-0.17926829268292682,0.1732673267326732,favorite,1,0
2025-10-31,New York,Chicago,5.5,decision_tree,Away Favorite,1.0,1.0,0,False,44,2025-10-31,New York,Chicago,-110,-110,0.5238095238095238,0.5238095238095238,1.0,0.0,0.6904761904761905,0.3404761904761905,0.16666666666666663,-0.18333333333333335,0.16666666666666663,favorite,1,0
2025-10-31,Memphis,La Lakers,2.5,decision_tree,Away Favorite,0.1630434782608695,0.0,1,False,44,2025-10-31,Memphis,La Lakers,104,-111,0.49019607843137253,0.5260663507109005,0.1630434782608695,0.8369565217391305,0.37569266837169646,0.6348779105707809,-0.11450341005967607,0.10881155985988045,0.10881155985988045,underdog,0,0
2025-10-31,Phoenix,Utah,3.5,decision_tree,Home Favorite,0.3157894736842105,0.0,1,False,44,2025-10-31,Phoenix,Utah,-110,-110,0.5238095238095238,0.5238095238095238,0.3157894736842105,0.6842105263157895,0.4510025062656642,0.5799498746867168,-0.07280701754385965,0.056140350877192935,0.056140350877192935,underdog,0,0
2025-10-31,Denver,Portland,5.5,decision_tree,Away Favorite,0.0666666666666666,0.0,0,True,44,2025-10-31,Denver,Portland,108,-113,0.4807692307692308,0.5305164319248826,0.0666666666666666,0.9333333333333333,0.3358333333333333,0.6715023474178403,-0.14493589743589746,0.1409859154929577,0.1409859154929577,underdog,0,1
2025-10-31,La Clippers,New Orleans,10.5,decision_tree,Home Favorite,1.0,1.0,0,False,44,2025-10-31,La Clippers,New Orleans,-110,-110,0.5238095238095238,0.5238095238095238,1.0,0.0,0.6904761904761905,0.3404761904761905,0.16666666666666663,-0.18333333333333335,0.16666666666666663,favorite,1,0
2025-11-01,Orlando,Washington,9.5,decision_tree,Away Favorite,0.9655172413793104,1.0,1,True,44,2025-11-01,Orlando,Washington,109,-112,0.4784688995215311,0.5283018867924528,0.9655172413793104,0.03448275862068961,0.6489358191717538,0.3554651919323357,0.1704669196502227,-0.1728366948601171,0.1704669196502227,favorite,1,1
2025-11-01,Minnesota,Charlotte,4.5,decision_tree,Away Favorite,0.6666666666666666,1.0,1,True,44,2025-11-01,Minnesota,Charlotte,104,-112,0.49019607843137253,0.5283018867924528,0.6666666666666666,0.33333333333333337,0.5519607843137254,0.46006289308176107,0.06176470588235289,-0.06823899371069175,0.06176470588235289,favorite,1,1
2025-11-01,Golden State,Indiana,11.5,decision_tree,Away Favorite,0.0,0.0,0,True,44,2025-11-01,Golden State,Indiana,113,-117,0.4694835680751174,0.5391705069124424,0.0,1.0,0.3051643192488263,0.7004608294930875,-0.16431924882629106,0.16129032258064513,0.16129032258064513,underdog,0,1
2025-11-01,Houston,Boston,5.5,decision_tree,Away Favorite,0.6666666666666666,1.0,1,True,44,2025-11-01,Houston,Boston,103,-104,0.49261083743842365,0.5098039215686274,0.6666666666666666,0.33333333333333337,0.5535303776683087,0.4480392156862745,0.06091954022988505,-0.061764705882352944,0.06091954022988505,favorite,1,1
2025-11-01,Milwaukee,Sacramento,7.5,decision_tree,Home Favorite,0.1891891891891892,0.0,0,True,44,2025-11-01,Milwaukee,Sacramento,109,-115,0.4784688995215311,0.5348837209302325,0.1891891891891892,0.8108108108108107,0.37722100090521143,0.6314582023884349,-0.10124789861631966,0.09657448145820235,0.09657448145820235,underdog,0,1
2025-11-01,Detroit,Dallas,7.5,decision_tree,Home Favorite,0.3186274509803921,0.0,1,False,44,2025-11-01,Detroit,Dallas,-103,101,0.5073891625615764,0.4975124378109453,0.3186274509803921,0.6813725490196079,0.4413225635081619,0.5618634767339772,-0.0660665990534145,0.0643510389230319,0.0643510389230319,underdog,0,0
2025-11-02,Okla City,New Orleans,13.5,decision_tree,Home Favorite,0.4320987654320987,0.0,1,False,44,2025-11-02,Okla City,New Orleans,-110,-110,0.5238095238095238,0.5238095238095238,0.4320987654320987,0.5679012345679013,0.491710758377425,0.5392416225749559,-0.03209876543209883,0.015432098765432056,0.015432098765432056,underdog,0,0
2025-11-02,Philadelphia,Brooklyn,5.5,decision_tree,Away Favorite,0.6666666666666666,1.0,1,True,44,2025-11-02,Philadelphia,Brooklyn,107,-110,0.4830917874396135,0.5238095238095238,0.6666666666666666,0.33333333333333337,0.5473429951690821,0.4571428571428572,0.06425120772946863,-0.06666666666666665,0.06425120772946863,favorite,1,1
2025-11-02,Charlotte,Utah,1.5,decision_tree,Home Favorite,1.0,1.0,1,True,44,2025-11-02,Charlotte,Utah,-110,-110,0.5238095238095238,0.5238095238095238,1.0,0.0,0.6904761904761905,0.3404761904761905,0.16666666666666663,-0.18333333333333335,0.16666666666666663,favorite,1,1
2025-11-02,Cleveland,Atlanta,6.5,decision_tree,Home Favorite,0.9090909090909092,1.0,1,True,44,2025-11-02,Cleveland,Atlanta,102,-107,0.49504950495049505,0.5169082125603864,0.9090909090909092,0.09090909090909083,0.63996399639964,0.367808519982433,0.14491449144914492,-0.1490996925779534,0.14491449144914492,favorite,1,1
2025-11-02,Toronto,Memphis,4.5,decision_tree,Home Favorite,1.0,1.0,1,True,44,2025-11-02,Toronto,Memphis,-106,104,0.5145631067961165,0.49019607843137253,1.0,0.0,0.6844660194174756,0.31862745098039214,0.16990291262135915,-0.1715686274509804,0.16990291262135915,favorite,1,1
2025-11-02,New York,Chicago,7.5,decision_tree,Home Favorite,1.0,1.0,1,True,44,2025-11-02,New York,Chicago,-110,-110,0.5238095238095238,0.5238095238095238,1.0,0.0,0.6904761904761905,0.3404761904761905,0.16666666666666663,-0.18333333333333335,0.16666666666666663,favorite,1,1
2025-11-02,San Antonio,Phoenix,5.5,decision_tree,Away Favorite,0.1451612903225806,0.0,0,True,44,2025-11-02,San Antonio,Phoenix,-104,-103,0.5098039215686274,0.5073891625615764,0.1451612903225806,0.8548387096774194,0.38217900063251103,0.6289965040521215,-0.12762492093611638,0.12160734149054508,0.12160734149054508,underdog,0,1
2025-11-02,La Lakers,Miami,4.5,decision_tree,Away Favorite,0.3492063492063492,0.0,0,True,44,2025-11-02,La Lakers,Miami,-112,103,0.5283018867924528,0.49261083743842365,0.3492063492063492,0.6507936507936508,0.4656184486373166,0.5479748221127532,-0.06268343815513622,0.055363984674329514,0.055363984674329514,underdog,0,1
2025-11-03,Minnesota,Brooklyn,8.5,decision_tree,Away Favorite,0.4210526315789473,0.0,1,False,45,2025-11-03,Minnesota,Brooklyn,-116,104,0.5370370370370371,0.49019607843137253,0.4210526315789473,0.5789473684210527,0.4964424951267057,0.5212590299277605,-0.040594541910331405,0.03106295149638799,0.03106295149638799,underdog,0,0
2025-11-03,Milwaukee,Indiana,6.5,decision_tree,Away Favorite,0.238095238095238,0.0,0,True,45,2025-11-03,Milwaukee,Indiana,105,-108,0.4878048780487805,0.5192307692307693,0.238095238095238,0.761904761904762,0.40040650406504064,0.6041666666666667,-0.08739837398373984,0.08493589743589747,0.08493589743589747,underdog,0,1
2025-11-03,Boston,Utah,10.5,decision_tree,Home Favorite,0.0,0.0,0,True,45,2025-11-03,Boston,Utah,-110,-110,0.5238095238095238,0.5238095238095238,0.0,1.0,0.3404761904761905,0.6904761904761905,-0.18333333333333335,0.16666666666666663,0.16666666666666663,underdog,0,1
2025-11-03,New York,Washington,12.5,decision_tree,Home Favorite,0.3508771929824561,0.0,1,False,45,2025-11-03,New York,Washington,-110,-110,0.5238095238095238,0.5238095238095238,0.3508771929824561,0.6491228070175439,0.46328320802005013,0.5676691729323309,-0.060526315789473706,0.04385964912280704,0.04385964912280704,underdog,0,0
2025-11-03,Houston,Dallas,12.5,decision_tree,Home Favorite,1.0,1.0,0,False,45,2025-11-03,Houston,Dallas,-106,102,0.5145631067961165,0.49504950495049505,1.0,0.0,0.6844660194174756,0.3217821782178218,0.16990291262135915,-0.17326732673267325,0.16990291262135915,favorite,1,0
2025-11-03,Detroit,Memphis,4.5,decision_tree,Away Favorite,0.238095238095238,0.0,1,False,45,2025-11-03,Detroit,Memphis,100,-105,0.5,0.5121951219512195,0.238095238095238,0.761904761904762,0.4083333333333333,0.5995934959349594,-0.09166666666666667,0.08739837398373984,0.08739837398373984,underdog,0,0
2025-11-03,Denver,Sacramento,11.5,decision_tree,Home Favorite,0.7142857142857143,1.0,0,False,45,2025-11-03,Denver,Sacramento,-108,106,0.5192307692307693,0.4854368932038835,0.7142857142857143,0.2857142857142857,0.5875,0.4155339805825243,0.06826923076923075,-0.06990291262135923,0.06826923076923075,favorite,1,0
2025-11-03,Portland,La Lakers,3.5,decision_tree,Home Favorite,0.7105263157894737,1.0,0,False,45,2025-11-03,Portland,La Lakers,106,-113,0.4854368932038835,0.5305164319248826,0.7105263157894737,0.2894736842105263,0.5642181911088401,0.4461514702248579,0.07878129790495658,-0.08436496170002472,0.07878129790495658,favorite,1,0
2025-11-04,Toronto,Milwaukee,3.5,decision_tree,Home Favorite,0.0,0.0,1,False,45,2025-11-04,Toronto,Milwaukee,105,-114,0.4878048780487805,0.5327102803738317,0.0,1.0,0.3170731707317073,0.6962616822429906,-0.17073170731707316,0.16355140186915884,0.16355140186915884,underdog,0,0
2025-11-04,Orlando,Atlanta,3.5,decision_tree,Away Favorite,0.0,0.0,0,True,45,2025-11-04,Orlando,Atlanta,100,-103,0.5,0.5073891625615764,0.0,1.0,0.325,0.6798029556650247,-0.175,0.1724137931034483,0.1724137931034483,underdog,0,1
2025-11-04,Chicago,Philadelphia,1.5,decision_tree,Home Favorite,0.0,0.0,1,False,45,2025-11-04,Chicago,Philadelphia,103,-106,0.49261083743842365,0.5145631067961165,0.0,1.0,0.32019704433497537,0.6844660194174756,-0.1724137931034483,0.16990291262135915,0.16990291262135915,underdog,0,0
2025-11-04,New Orleans,Charlotte,2.5,decision_tree,Home Favorite,0.0,0.0,1,False,45,2025-11-04,New Orleans,Charlotte,-110,-110,0.5238095238095238,0.5238095238095238,0.0,1.0,0.3404761904761905,0.6904761904761905,-0.18333333333333335,0.16666666666666663,0.16666666666666663,underdog,0,0
2025-11-04,Golden State,Phoenix,10.5,decision_tree,Away Favorite,0.34375,0.0,0,True,45,2025-11-04,Golden State,Phoenix,-112,104,0.5283018867924528,0.49019607843137253,0.34375,0.65625,0.46370872641509436,0.5483149509803922,-0.06459316037735846,0.05811887254901965,0.05811887254901965,underdog,0,1
2025-11-04,Okla City,La Clippers,7.5,decision_tree,Away Favorite,0.6551724137931034,1.0,1,True,45,2025-11-04,Okla City,La Clippers,106,-109,0.4854368932038835,0.5215311004784688,0.6551724137931034,0.3448275862068966,0.5448443254101105,0.45968487048341855,0.05940743220622702,-0.061846229995050295,0.05940743220622702,favorite,1,1
2025-11-05,Cleveland,Philadelphia,9.5,decision_tree,Home Favorite,0.5792682926829268,1.0,1,True,45,2025-11-05,Cleveland,Philadelphia,-116,113,0.5370370370370371,0.4694835680751174,0.5792682926829268,0.4207317073170732,0.5518179765130985,0.45242041680980194,0.014780939476061405,-0.017063151265315435,0.014780939476061405,favorite,1,1
2025-11-05,Detroit,Utah,9.5,decision_tree,Home Favorite,0.273972602739726,0.0,1,False,45,2025-11-05,Detroit,Utah,-110,-110,0.5238095238095238,0.5238095238095238,0.273972602739726,0.726027397260274,0.4363666014350946,0.5945857795172864,-0.08744292237442924,0.07077625570776258,0.07077625570776258,underdog,0,0
2025-11-05,Indiana,Brooklyn,6.5,decision_tree,Home Favorite,0.7857142857142857,1.0,0,False,45,2025-11-05,Indiana,Brooklyn,-104,-103,0.5098039215686274,0.5073891625615764,0.7857142857142857,0.2142857142857143,0.6063725490196078,0.40480295566502467,0.09656862745098038,-0.10258620689655173,0.09656862745098038,favorite,1,0
2025-11-05,Boston,Washington,12.5,decision_tree,Home Favorite,0.273972602739726,0.0,1,False,45,2025-11-05,Boston,Washington,-106,-102,0.5145631067961165,0.504950495049505,0.273972602739726,0.726027397260274,0.43035643037637983,0.5823274108232741,-0.08420667641973667,0.07737691577376915,0.07737691577376915,underdog,0,0
2025-11-05,New York,Minnesota,4.5,decision_tree,Home Favorite,0.0,0.0,1,False,45,2025-11-05,New York,Minnesota,-110,-110,0.5238095238095238,0.5238095238095238,0.0,1.0,0.3404761904761905,0.6904761904761905,-0.18333333333333335,0.16666666666666663,0.16666666666666663,underdog,0,0
2025-11-05,Houston,Memphis,7.5,decision_tree,Away Favorite,0.7021276595744681,1.0,1,True,45,2025-11-05,Houston,Memphis,-106,-102,0.5145631067961165,0.504950495049505,0.7021276595744681,0.2978723404255319,0.5802107002685395,0.4324731409311144,0.065647593472423,-0.07247735411839057,0.065647593472423,favorite,1,1
2025-11-05,Dallas,New Orleans,7.5,decision_tree,Home Favorite,0.4453125,0.0,0,True,45,2025-11-05,Dallas,New Orleans,-110,-110,0.5238095238095238,0.5238095238095238,0.4453125,0.5546875,0.4963355654761905,0.5346168154761904,-0.027473958333333326,0.010807291666666607,0.010807291666666607,underdog,0,1
2025-11-05,Denver,Miami,9.5,decision_tree,Home Favorite,1.0,1.0,1,True,45,2025-11-05,Denver,Miami,-101,-106,0.5024875621890548,0.5145631067961165,1.0,0.0,0.6766169154228856,0.3344660194174757,0.17412935323383083,-0.18009708737864077,0.17412935323383083,favorite,1,1
2025-11-05,La Lakers,San Antonio,2.5,decision_tree,Away Favorite,0.6666666666666666,1.0,0,False,45,2025-11-05,La Lakers,San Antonio,100,-104,0.5,0.5098039215686274,0.6666666666666666,0.33333333333333337,0.5583333333333333,0.4480392156862745,0.05833333333333335,-0.061764705882352944,0.05833333333333335,favorite,1,0
2025-11-05,Okla City,Portland,4.5,decision_tree,Away Favorite,0.6666666666666666,1.0,0,False,45,2025-11-05,Okla City,Portland,107,-111,0.4830917874396135,0.5260663507109005,0.6666666666666666,0.33333333333333337,0.5473429951690821,0.45860979462875195,0.06425120772946863,-0.06745655608214851,0.06425120772946863,favorite,1,0
2025-11-05,Sacramento,Golden State,2.5,decision_tree,Home Favorite,0.4453125,0.0,1,False,45,2025-11-05,Sacramento,Golden State,-116,107,0.5370370370370371,0.4830917874396135,0.4453125,0.5546875,0.5049334490740741,0.5081502868357488,-0.032103587962962976,0.025058499396135303,0.025058499396135303,underdog,1,1
2025-11-06,Phoenix,La Clippers,2.5,decision_tree,Away Favorite,0.1538461538461538,0.0,0,True,45,2025-11-06,Phoenix,La Clippers,-107,104,0.5169082125603864,0.49019607843137253,0.1538461538461538,0.8461538461538463,0.38983649201040504,0.6147812971342383,-0.1270717205499814,0.12458521870286582,0.12458521870286582,underdog,0,1
2025-11-07,Orlando,Boston,3.5,decision_tree,Home Favorite,0.2816091954022988,0.0,1,False,45,2025-11-07,Orlando,Boston,100,-106,0.5,0.5145631067961165,0.2816091954022988,0.7183908045977012,0.4235632183908046,0.5859028010266711,-0.07643678160919543,0.07133969423055464,0.07133969423055464,underdog,0,0
2025-11-07,Cleveland,Washington,13.5,decision_tree,Away Favorite,0.7083333333333334,1.0,1,True,45,2025-11-07,Cleveland,Washington,-101,101,0.5024875621890548,0.4975124378109453,0.7083333333333334,0.29166666666666663,0.5745335820895523,0.42546641791044776,0.07204601990049753,-0.07204601990049753,0.07204601990049753,favorite,1,1
2025-11-07,Atlanta,Toronto,2.5,decision_tree,Home Favorite,0.2816091954022988,0.0,0,True,45,2025-11-07,Atlanta,Toronto,101,-107,0.4975124378109453,0.5169082125603864,0.2816091954022988,0.7183908045977012,0.421946302967919,0.5874271197734466,-0.07556613484302627,0.0705189072130602,0.0705189072130602,underdog,0,1
2025-11-07,Detroit,Brooklyn,10.5,decision_tree,Away Favorite,0.2391304347826087,0.0,1,False,45,2025-11-07,Detroit,Brooklyn,101,-104,0.4975124378109453,0.5098039215686274,0.2391304347826087,0.7608695652173914,0.4070787367510275,0.5976768968456948,-0.09043370105991777,0.08787297527706739,0.08787297527706739,underdog,0,0
2025-11-07,Houston,San Antonio,4.5,decision_tree,Away Favorite,0.0,0.0,0,True,45,2025-11-07,Houston,San Antonio,107,-116,0.4830917874396135,0.5370370370370371,0.0,1.0,0.3140096618357488,0.6990740740740742,-0.1690821256038647,0.1620370370370371,0.1620370370370371,underdog,0,1
2025-11-07,Miami,Charlotte,4.5,decision_tree,Home Favorite,1.0,1.0,1,True,45,2025-11-07,Miami,Charlotte,-109,103,0.5215311004784688,0.49261083743842365,1.0,0.0,0.6889952153110047,0.32019704433497537,0.16746411483253587,-0.1724137931034483,0.16746411483253587,favorite,1,1
2025-11-07,Memphis,Dallas,4.5,decision_tree,Home Favorite,0.3522727272727273,0.0,1,False,45,2025-11-07,Memphis,Dallas,100,-105,0.5,0.5121951219512195,0.3522727272727273,0.6477272727272727,0.44829545454545455,0.5596313747228381,-0.05170454545454545,0.04743625277161856,0.04743625277161856,underdog,0,0
2025-11-07,Milwaukee,Chicago,4.5,decision_tree,Home Favorite,0.5268817204301075,1.0,1,True,45,2025-11-07,Milwaukee,Chicago,-101,-103,0.5024875621890548,0.5073891625615764,0.5268817204301075,0.4731182795698925,0.5110255175734233,0.495394353514487,0.008537955384368523,-0.011994809047089383,0.008537955384368523,favorite,1,1
2025-11-07,Minnesota,Utah,11.5,decision_tree,Home Favorite,0.3522727272727273,0.0,1,False,45,2025-11-07,Minnesota,Utah,-110,-110,0.5238095238095238,0.5238095238095238,0.3522727272727273,0.6477272727272727,0.46377164502164503,0.5671807359307359,-0.06003787878787881,0.04337121212121209,0.04337121212121209,underdog,0,0
2025-11-07,Denver,Golden State,10.5,decision_tree,Home Favorite,1.0,1.0,1,True,45,2025-11-07,Denver,Golden State,101,-111,0.4975124378109453,0.5260663507109005,1.0,0.0,0.6733830845771145,0.3419431279620853,0.1758706467661692,-0.18412322274881515,0.1758706467661692,favorite,1,1
2025-11-07,Okla City,Sacramento,10.5,decision_tree,Away Favorite,1.0,1.0,1,True,45,2025-11-07,Okla City,Sacramento,-112,108,0.5283018867924528,0.4807692307692308,1.0,0.0,0.6933962264150944,0.3125,0.16509433962264153,-0.16826923076923078,0.16509433962264153,favorite,1,1
2025-11-08,Dallas,Washington,4.5,decision_tree,Away Favorite,1.0,1.0,1,True,45,2025-11-08,Dallas,Washington,-111,105,0.5260663507109005,0.4878048780487805,1.0,0.0,0.6919431279620853,0.3170731707317073,0.16587677725118488,-0.17073170731707316,0.16587677725118488,favorite,1,1
2025-11-08,Philadelphia,Toronto,5.5,decision_tree,Home Favorite,0.3897058823529412,0.0,1,False,45,2025-11-08,Philadelphia,Toronto,101,-110,0.4975124378109453,0.5238095238095238,0.3897058823529412,0.6102941176470589,0.4597801434006439,0.5540791316526611,-0.037732294410301404,0.03026960784313726,0.03026960784313726,underdog,0,0
2025-11-08,La Lakers,Atlanta,3.5,decision_tree,Away Favorite,0.625,1.0,0,False,45,2025-11-08,La Lakers,Atlanta,-105,103,0.5121951219512195,0.49261083743842365,0.625,0.375,0.5516768292682928,0.45144704433497534,0.039481707317073234,-0.04116379310344831,0.039481707317073234,favorite,1,0
2025-11-08,Cleveland,Chicago,8.5,decision_tree,Home Favorite,0.5308641975308642,1.0,0,False,45,2025-11-08,Cleveland,Chicago,-102,-102,0.504950495049505,0.504950495049505,0.5308641975308642,0.4691358024691358,0.5140202909179807,0.4924153526463757,0.009069795868475783,-0.012535142403129251,0.009069795868475783,favorite,1,0
2025-11-08,Portland,Miami,3.5,decision_tree,Away Favorite,0.2553191489361702,0.0,0,True,45,2025-11-08,Portland,Miami,-108,100,0.5192307692307693,0.5,0.2553191489361702,0.7446808510638299,0.4268617021276596,0.5856382978723405,-0.09236906710310966,0.08563829787234045,0.08563829787234045,underdog,0,1
2025-11-08,San Antonio,New Orleans,10.5,decision_tree,Home Favorite,0.5308641975308642,1.0,0,False,45,2025-11-08,San Antonio,New Orleans,-110,-110,0.5238095238095238,0.5238095238095238,0.5308641975308642,0.4691358024691358,0.5262786596119929,0.504673721340388,0.0024691358024691024,-0.01913580246913582,0.0024691358024691024,favorite,1,0
2025-11-08,Denver,Indiana,12.5,decision_tree,Home Favorite,0.5,0.0,1,False,45,2025-11-08,Denver,Indiana,109,-114,0.4784688995215311,0.5327102803738317,0.5,0.5,0.4860047846889952,0.5212616822429906,0.007535885167464118,-0.011448598130841092,0.007535885167464118,favorite,0,0
2025-11-08,La Clippers,Phoenix,5.5,decision_tree,Away Favorite,0.3384615384615385,0.0,1,False,45,2025-11-08,La Clippers,Phoenix,103,-110,0.49261083743842365,0.5238095238095238,0.3384615384615385,0.6615384615384615,0.4386585827965138,0.5720146520146521,-0.053952254641909836,0.048205128205128234,0.048205128205128234,underdog,0,0
2025-11-09,Houston,Milwaukee,4.5,decision_tree,Away Favorite,1.0,1.0,1,True,45,2025-11-09,Houston,Milwaukee,102,-106,0.49504950495049505,0.5145631067961165,1.0,0.0,0.6717821782178217,0.3344660194174757,0.17673267326732667,-0.18009708737864077,0.17673267326732667,favorite,1,1
2025-11-09,New York,Brooklyn,15.5,decision_tree,Home Favorite,1.0,1.0,1,True,45,2025-11-09,New York,Brooklyn,-110,-110,0.5238095238095238,0.5238095238095238,1.0,0.0,0.6904761904761905,0.3404761904761905,0.16666666666666663,-0.18333333333333335,0.16666666666666663,favorite,1,1
2025-11-09,Orlando,Boston,3.5,decision_tree,Home Favorite,0.3545454545454545,0.0,0,True,45,2025-11-09,Orlando,Boston,-111,104,0.5260663507109005,0.49019607843137253,0.3545454545454545,0.6454545454545455,0.4660340370529944,0.5445365418894831,-0.06003231365790607,0.054340463458110555,0.054340463458110555,underdog,0,1
2025-11-09,Okla City,Memphis,10.5,decision_tree,Away Favorite,0.6666666666666666,1.0,1,True,45,2025-11-09,Okla City,Memphis,-104,101,0.5098039215686274,0.4975124378109453,0.6666666666666666,0.33333333333333337,0.5647058823529412,0.4400497512437811,0.05490196078431375,-0.05746268656716419,0.05490196078431375,favorite,1,1
2025-11-09,Detroit,Philadelphia,4.5,decision_tree,Away Favorite,0.6666666666666666,1.0,0,False,45,2025-11-09,Detroit,Philadelphia,103,-109,0.49261083743842365,0.5215311004784688,0.6666666666666666,0.33333333333333337,0.5535303776683087,0.45566188197767143,0.06091954022988505,-0.06586921850079741,0.06091954022988505,favorite,1,0
2025-11-09,Golden State,Indiana,12.5,decision_tree,Away Favorite,0.0,0.0,0,True,45,2025-11-09,Golden State,Indiana,-103,101,0.5073891625615764,0.4975124378109453,0.0,1.0,0.32980295566502466,0.6733830845771145,-0.17758620689655175,0.1758706467661692,0.1758706467661692,underdog,0,1
2025-11-09,Minnesota,Sacramento,5.5,decision_tree,Away Favorite,0.0,0.0,1,False,45,2025-11-09,Minnesota,Sacramento,104,-105,0.49019607843137253,0.5121951219512195,0.0,1.0,0.31862745098039214,0.6829268292682926,-0.1715686274509804,0.1707317073170731,0.1707317073170731,underdog,0,0
2025-11-10,La Lakers,Charlotte,8.5,decision_tree,Away Favorite,0.6764705882352942,1.0,1,True,46,2025-11-10,La Lakers,Charlotte,-104,-105,0.5098039215686274,0.5121951219512195,0.6764705882352942,0.32352941176470584,0.5681372549019608,0.44616212338593975,0.05833333333333335,-0.06603299856527978,0.05833333333333335,favorite,1,1
2025-11-10,Detroit,Washington,11.5,decision_tree,Home Favorite,0.3823529411764705,0.0,0,True,46,2025-11-10,Detroit,Washington,-109,104,0.5215311004784688,0.49019607843137253,0.3823529411764705,0.6176470588235294,0.4728187447227694,0.5348039215686274,-0.04871235575569943,0.04460784313725491,0.04460784313725491,underdog,0,1
2025-11-10,Orlando,Portland,2.5,decision_tree,Home Favorite,1.0,1.0,1,True,46,2025-11-10,Orlando,Portland,104,-108,0.49019607843137253,0.5192307692307693,1.0,0.0,0.6686274509803921,0.3375,0.17843137254901958,-0.18173076923076925,0.17843137254901958,favorite,1,1
2025-11-10,Cleveland,Miami,7.5,decision_tree,Away Favorite,0.4939759036144578,0.0,0,True,46,2025-11-10,Cleveland,Miami,-102,100,0.504950495049505,0.5,0.4939759036144578,0.5060240963855422,0.5011093880472385,0.5021084337349397,-0.003841107002266475,0.002108433734939741,0.002108433734939741,underdog,1,0
2025-11-10,San Antonio,Chicago,4.5,decision_tree,Away Favorite,0.9487179487179488,1.0,0,False,46,2025-11-10,San Antonio,Chicago,101,-108,0.4975124378109453,0.5192307692307693,0.9487179487179488,0.05128205128205121,0.6554343666283965,0.35544871794871796,0.1579219288174512,-0.1637820512820513,0.1579219288174512,favorite,1,0
2025-11-10,Milwaukee,Dallas,2.5,decision_tree,Away Favorite,0.25,0.0,0,True,46,2025-11-10,Milwaukee,Dallas,102,-106,0.49504950495049505,0.5145631067961165,0.25,0.75,0.40928217821782176,0.5969660194174757,-0.08576732673267329,0.08240291262135924,0.08240291262135924,underdog,0,1
2025-11-10,Phoenix,New Orleans,9.5,decision_tree,Home Favorite,0.3823529411764705,0.0,1,False,46,2025-11-10,Phoenix,New Orleans,-110,-110,0.5238095238095238,0.5238095238095238,0.3823529411764705,0.6176470588235294,0.47429971988795516,0.5566526610644258,-0.049509803921568674,0.032843137254901955,0.032843137254901955,underdog,0,0
2025-11-10,Minnesota,Utah,7.5,decision_tree,Away Favorite,0.4939759036144578,0.0,0,True,46,2025-11-10,Minnesota,Utah,-110,-110,0.5238095238095238,0.5238095238095238,0.4939759036144578,0.5060240963855422,0.5133677567412507,0.5175846242111303,-0.010441767068273156,-0.006224899598393563,-0.006224899598393563,underdog,1,0
2025-11-11,Toronto,Brooklyn,10.5,decision_tree,Away Favorite,1.0,1.0,0,False,46,2025-11-11,Toronto,Brooklyn,108,-110,0.4807692307692308,0.5238095238095238,1.0,0.0,0.6625,0.3404761904761905,0.1817307692307692,-0.18333333333333335,0.1817307692307692,favorite,1,0
2025-11-11,New York,Memphis,9.5,decision_tree,Home Favorite,0.75,1.0,1,True,46,2025-11-11,New York,Memphis,-110,-110,0.5238095238095238,0.5238095238095238,0.75,0.25,0.6029761904761904,0.4279761904761905,0.07916666666666661,-0.09583333333333333,0.07916666666666661,favorite,1,1
2025-11-11,Philadelphia,Boston,1.5,decision_tree,Home Favorite,0.5714285714285714,1.0,1,True,46,2025-11-11,Philadelphia,Boston,-102,-104,0.504950495049505,0.5098039215686274,0.5714285714285714,0.4285714285714286,0.5282178217821782,0.4813725490196078,0.023267326732673288,-0.028431372549019618,0.023267326732673288,favorite,1,1
2025-11-11,Okla City,Golden State,7.5,decision_tree,Away Favorite,0.5454545454545454,1.0,0,False,46,2025-11-11,Okla City,Golden State,-106,101,0.5145631067961165,0.4975124378109453,0.5454545454545454,0.4545454545454546,0.5253751103265666,0.48247399366802357,0.010812003530450087,-0.015038444142921714,0.010812003530450087,favorite,1,0
2025-11-11,Indiana,Utah,2.5,decision_tree,Away Favorite,0.0,0.0,0,True,46,2025-11-11,Indiana,Utah,-110,-110,0.5238095238095238,0.5238095238095238,0.0,1.0,0.3404761904761905,0.6904761904761905,-0.18333333333333335,0.16666666666666663,0.16666666666666663,underdog,0,1
2025-11-11,Denver,Sacramento,8.5,decision_tree,Away Favorite,0.8913043478260869,1.0,1,True,46,2025-11-11,Denver,Sacramento,-109,101,0.5215311004784688,0.4975124378109453,0.8913043478260869,0.10869565217391308,0.6509517370501352,0.361426562837984,0.12942063657166636,-0.13608587497296126,0.12942063657166636,favorite,1,1
2025-11-12,Milwaukee,Charlotte,4.5,decision_tree,Away Favorite,0.8333333333333334,1.0,0,False,46,2025-11-12,Milwaukee,Charlotte,-113,104,0.5305164319248826,0.49019607843137253,0.8333333333333334,0.16666666666666663,0.6365023474178404,0.3769607843137254,0.10598591549295777,-0.1132352941176471,0.10598591549295777,favorite,1,0
2025-11-12,Detroit,Chicago,1.5,decision_tree,Away Favorite,0.6170212765957447,1.0,0,False,46,2025-11-12,Detroit,Chicago,104,-117,0.49019607843137253,0.5391705069124424,0.6170212765957447,0.3829787234042553,0.5345848977889027,0.48450338268457693,0.044388819357530196,-0.05466712422786546,0.044388819357530196,favorite,1,0
2025-11-12,New York,Orlando,4.5,decision_tree,Home Favorite,0.8181818181818182,1.0,0,False,46,2025-11-12,New York,Orlando,-110,-110,0.5238095238095238,0.5238095238095238,0.8181818181818182,0.18181818181818177,0.6268398268398269,0.4041125541125541,0.10303030303030303,-0.11969696969696975,0.10303030303030303,favorite,1,0
2025-11-12,Boston,Memphis,6.5,decision_tree,Home Favorite,0.319047619047619,0.0,1,False,46,2025-11-12,Boston,Memphis,-102,-104,0.504950495049505,0.5098039215686274,0.319047619047619,0.680952380952381,0.43988448844884487,0.5697058823529412,-0.06506600660066009,0.05990196078431376,0.05990196078431376,underdog,0,0
2025-11-12,Miami,Cleveland,5.5,decision_tree,Home Favorite,0.125,0.0,0,True,46,2025-11-12,Miami,Cleveland,-106,103,0.5145631067961165,0.49261083743842365,0.125,0.875,0.37821601941747574,0.6264470443349753,-0.13634708737864076,0.13383620689655168,0.13383620689655168,underdog,0,1
2025-11-12,Houston,Washington,16.5,decision_tree,Home Favorite,0.6825396825396826,1.0,1,True,46,2025-11-12,Houston,Washington,-110,101,0.5238095238095238,0.4975124378109453,0.6825396825396826,0.31746031746031744,0.5793650793650793,0.43449419568822556,0.05555555555555547,-0.06301824212271973,0.05555555555555547,favorite,1,1
2025-11-12,Portland,New Orleans,8.5,decision_tree,Away Favorite,0.6530612244897959,1.0,0,False,46,2025-11-12,Portland,New Orleans,-110,-110,0.5238095238095238,0.5238095238095238,0.6530612244897959,0.34693877551020413,0.569047619047619,0.46190476190476193,0.04523809523809519,-0.06190476190476191,0.04523809523809519,favorite,1,0
2025-11-12,San Antonio,Golden State,4.5,decision_tree,Away Favorite,0.18,0.0,1,False,46,2025-11-12,San Antonio,Golden State,100,-104,0.5,0.5098039215686274,0.18,0.8200000000000001,0.388,0.6183725490196078,-0.11199999999999999,0.10856862745098039,0.10856862745098039,underdog,0,0
2025-11-12,Dallas,Phoenix,1.5,decision_tree,Away Favorite,0.1818181818181818,0.0,1,False,46,2025-11-12,Dallas,Phoenix,100,-109,0.5,0.5215311004784688,0.1818181818181818,0.8181818181818182,0.38863636363636367,0.6253588516746411,-0.11136363636363633,0.10382775119617227,0.10382775119617227,underdog,0,0
2025-11-12,Okla City,La Lakers,6.5,decision_tree,Away Favorite,0.18,0.0,0,True,46,2025-11-12,Okla City,La Lakers,-111,108,0.5260663507109005,0.4807692307692308,0.18,0.8200000000000001,0.4049431279620853,0.5994999999999999,-0.12112322274881515,0.11873076923076914,0.11873076923076914,underdog,0,1
2025-11-12,Atlanta,Sacramento,3.5,decision_tree,Away Favorite,1.0,1.0,1,True,46,2025-11-12,Atlanta,Sacramento,-102,-105,0.504950495049505,0.5121951219512195,1.0,0.0,0.6782178217821782,0.3329268292682927,0.1732673267326732,-0.17926829268292682,0.1732673267326732,favorite,1,1
2025-11-12,Denver,La Clippers,3.5,decision_tree,Away Favorite,0.6170212765957447,1.0,1,True,46,2025-11-12,Denver,La Clippers,100,-107,0.5,0.5169082125603864,0.6170212765957447,0.3829787234042553,0.5409574468085107,0.47003289135574056,0.040957446808510656,-0.04687532120464588,0.040957446808510656,favorite,1,1
2025-11-14,New York,Miami,6.5,decision_tree,Home Favorite,1.0,1.0,1,True,46,2025-11-14,New York,Miami,-110,-110,0.5238095238095238,0.5238095238095238,1.0,0.0,0.6904761904761905,0.3404761904761905,0.16666666666666663,-0.18333333333333335,0.16666666666666663,favorite,1,1
2025-11-14,Orlando,Brooklyn,13.5,decision_tree,Home Favorite,0.4260869565217391,0.0,0,True,46,2025-11-14,Orlando,Brooklyn,-108,105,0.5192307692307693,0.4878048780487805,0.4260869565217391,0.5739130434782609,0.4866304347826087,0.5179427359490987,-0.03260033444816057,0.0301378579003182,0.0301378579003182,underdog,0,1
2025-11-14,Detroit,Philadelphia,4.5,decision_tree,Home Favorite,0.4260869565217391,0.0,1,False,46,2025-11-14,Detroit,Philadelphia,100,-108,0.5,0.5192307692307693,0.4260869565217391,0.5739130434782609,0.4741304347826087,0.5383695652173913,-0.02586956521739131,0.019138795986622048,0.019138795986622048,underdog,0,0
2025-11-14,Houston,Portland,7.5,decision_tree,Home Favorite,0.967741935483871,1.0,1,True,46,2025-11-14,Houston,Portland,102,-104,0.49504950495049505,0.5098039215686274,0.967741935483871,0.032258064516129004,0.6604918556371766,0.342662871600253,0.16544235068668156,-0.16714104996837442,0.16544235068668156,favorite,1,1
2025-11-14,Milwaukee,Charlotte,9.5,decision_tree,Home Favorite,0.4260869565217391,0.0,1,False,46,2025-11-14,Milwaukee,Charlotte,100,-104,0.5,0.5098039215686274,0.4260869565217391,0.5739130434782609,0.4741304347826087,0.5322421142369991,-0.02586956521739131,0.02243819266837166,0.02243819266837166,underdog,0,0
2025-11-14,Minnesota,Sacramento,11.5,decision_tree,Home Favorite,0.723404255319149,1.0,1,True,46,2025-11-14,Minnesota,Sacramento,-110,103,0.5238095238095238,0.49261083743842365,0.723404255319149,0.276595744680851,0.5936676798378926,0.4170055549732732,0.06985815602836876,-0.07560528246515047,0.06985815602836876,favorite,1,1
2025-11-14,La Lakers,New Orleans,9.5,decision_tree,Away Favorite,0.1666666666666666,0.0,1,False,46,2025-11-14,La Lakers,New Orleans,-110,-110,0.5238095238095238,0.5238095238095238,0.1666666666666666,0.8333333333333334,0.3988095238095238,0.6321428571428571,-0.12500000000000006,0.10833333333333328,0.10833333333333328,underdog,0,0
2025-11-14,La Clippers,Dallas,2.5,decision_tree,Away Favorite,0.1666666666666666,0.0,1,False,46,2025-11-14,La Clippers,Dallas,-104,-104,0.5098039215686274,0.5098039215686274,0.1666666666666666,0.8333333333333334,0.3897058823529411,0.6230392156862745,-0.12009803921568629,0.1132352941176471,0.1132352941176471,underdog,0,0
2025-11-14,San Antonio,Golden State,2.5,decision_tree,Away Favorite,0.5925925925925926,1.0,0,False,46,2025-11-14,San Antonio,Golden State,-104,-103,0.5098039215686274,0.5073891625615764,0.5925925925925926,0.40740740740740744,0.5387799564270153,0.47239554825761726,0.028976034858387845,-0.03499361430395914,0.028976034858387845,favorite,1,0
2025-11-15,Cleveland,Memphis,11.5,decision_tree,Home Favorite,0.3450292397660818,0.0,0,True,46,2025-11-15,Cleveland,Memphis,107,-108,0.4830917874396135,0.5192307692307693,0.3450292397660818,0.6549707602339182,0.4347698957538774,0.5667397660818714,-0.048321891685736085,0.0475089968511021,0.0475089968511021,underdog,0,1
2025-11-15,Okla City,Charlotte,15.5,decision_tree,Away Favorite,0.6956521739130435,1.0,0,False,46,2025-11-15,Okla City,Charlotte,-116,112,0.5370370370370371,0.4716981132075472,0.6956521739130435,0.30434782608695654,0.5925523349436393,0.4131255127153404,0.05551529790660226,-0.05857260049220675,0.05551529790660226,favorite,1,0
2025-11-15,Toronto,Indiana,6.5,decision_tree,Away Favorite,0.1176470588235294,0.0,1,False,46,2025-11-15,Toronto,Indiana,-112,104,0.5283018867924528,0.49019607843137253,0.1176470588235294,0.8823529411764706,0.38457269700332963,0.6274509803921569,-0.1437291897891232,0.13725490196078433,0.13725490196078433,underdog,0,0
2025-11-15,La Lakers,Milwaukee,1.5,decision_tree,Away Favorite,0.1941747572815534,0.0,1,False,46,2025-11-15,La Lakers,Milwaukee,-101,-112,0.5024875621890548,0.5283018867924528,0.1941747572815534,0.8058252427184466,0.3945780804714293,0.6254350613665507,-0.10790948171762549,0.09713317457409787,0.09713317457409787,underdog,0,0
2025-11-15,Minnesota,Denver,2.5,decision_tree,Home Favorite,0.0,0.0,0,True,46,2025-11-15,Minnesota,Denver,-111,101,0.5260663507109005,0.4975124378109453,0.0,1.0,0.3419431279620853,0.6733830845771145,-0.18412322274881515,0.1758706467661692,0.1758706467661692,underdog,0,1
2025-11-16,San Antonio,Sacramento,8.5,decision_tree,Away Favorite,0.3265306122448979,0.0,0,True,46,2025-11-16,San Antonio,Sacramento,-104,-101,0.5098039215686274,0.5024875621890548,0.3265306122448979,0.6734693877551021,0.4456582633053221,0.5623312011371714,-0.06414565826330532,0.05984363894811662,0.05984363894811662,underdog,0,1
2025-11-16,Washington,Brooklyn,2.5,decision_tree,Home Favorite,0.8888888888888888,1.0,0,False,46,2025-11-16,Washington,Brooklyn,-111,103,0.5260663507109005,0.49261083743842365,0.8888888888888888,0.11111111111111116,0.6530542390731964,0.3590859332238643,0.1269878883622959,-0.13352490421455937,0.1269878883622959,favorite,1,0
2025-11-16,Houston,Orlando,7.5,decision_tree,Home Favorite,0.967741935483871,1.0,0,False,46,2025-11-16,Houston,Orlando,-107,-103,0.5169082125603864,0.5073891625615764,0.967741935483871,0.032258064516129004,0.674700015583606,0.3410932782456698,0.1577918030232196,-0.16629588431590658,0.1577918030232196,favorite,1,0
2025-11-16,Golden State,New Orleans,10.5,decision_tree,Away Favorite,0.5,0.0,1,False,46,2025-11-16,Golden State,New Orleans,-110,-110,0.5238095238095238,0.5238095238095238,0.5,0.5,0.5154761904761904,0.5154761904761904,-0.008333333333333415,-0.008333333333333415,-0.008333333333333415,underdog,1,1
2025-11-16,Portland,Dallas,4.5,decision_tree,Away Favorite,0.3265306122448979,0.0,0,True,46,2025-11-16,Portland,Dallas,107,-109,0.4830917874396135,0.5215311004784688,0.3265306122448979,0.6734693877551021,0.42829537612146307,0.5747095010252905,-0.05479641131815044,0.05317840054682166,0.05317840054682166,underdog,0,1
2025-11-16,Atlanta,Phoenix,1.5,decision_tree,Away Favorite,0.3363636363636363,0.0,1,False,46,2025-11-16,Atlanta,Phoenix,100,-106,0.5,0.5145631067961165,0.3363636363636363,0.6636363636363637,0.4427272727272727,0.566738746690203,-0.05727272727272731,0.05217563989408647,0.05217563989408647,underdog,0,0
2025-11-16,Chicago,Utah,4.5,decision_tree,Away Favorite,0.1428571428571428,0.0,0,True,46,2025-11-16,Chicago,Utah,-110,-110,0.5238095238095238,0.5238095238095238,0.1428571428571428,0.8571428571428572,0.3904761904761905,0.6404761904761904,-0.13333333333333336,0.11666666666666659,0.11666666666666659,underdog,0,1
