date,favorite,underdog,spread,fav_odds,dog_odds,fav_implied_prob,dog_implied_prob,actual_cover,avg_fav_prob,avg_dog_prob,avg_standardized_fav,avg_standardized_dog,avg_fav_edge,avg_dog_edge,avg_best_edge,avg_best_side,avg_predicted_cover,avg_correct
2025-10-22,Cleveland,New York,1.5,-110,-110,0.5238095238095238,0.5238095238095238,0.0,0.4579411782283875,0.5420588217716125,0.5007556028561261,0.5301967780962549,-0.023053920953397755,0.006387254286731037,0.006387254286731037,UNDERDOG,0,1
2025-10-22,Charlotte,Brooklyn,5.5,109,-113,0.4784688995215311,0.5305164319248826,1.0,0.48452477106038405,0.5154752289396158,0.48058845456012966,0.5252520108800393,0.002119555038598564,-0.00526442104484337,0.002119555038598564,FAVORITE,1,1
2025-10-22,Orlando,Miami,8.5,100,-103,0.5,0.5073891625615764,0.0,0.48452477106038405,0.5154752289396158,0.49458366987113445,0.5102192857938902,-0.005416330128865554,0.002830123232313797,0.002830123232313797,UNDERDOG,0,1
2025-10-22,Atlanta,Toronto,5.5,-101,100,0.5024875621890548,0.5,0.0,0.48452477106038405,0.5154752289396158,0.49620058529402,0.5054163301288656,-0.006286976895034768,0.005416330128865554,0.005416330128865554,UNDERDOG,0,1
2025-10-22,Boston,Philadelphia,4.5,-104,101,0.5098039215686274,0.4975124378109453,0.0,0.48452477106038405,0.5154752289396158,0.5009562188907423,0.50379941470598,-0.00884770267788515,0.006286976895034713,0.006286976895034713,UNDERDOG,0,1
2025-10-22,Detroit,Chicago,2.5,-105,100,0.5121951219512195,0.5,0.0,0.4579411782283875,0.5420588217716125,0.49320624164822835,0.5147205876200643,-0.018988880302991173,0.01472058762006434,0.01472058762006434,UNDERDOG,0,1
2025-10-22,Memphis,New Orleans,3.5,-110,-110,0.5238095238095238,0.5238095238095238,1.0,0.48452477106038405,0.5154752289396158,0.5100598603473249,0.5208925206050561,-0.013749663462198969,-0.0029170032044677496,-0.0029170032044677496,UNDERDOG,0,0
2025-10-22,Milwaukee,Washington,10.5,105,-117,0.4878048780487805,0.5391705069124424,1.0,0.48452477106038405,0.5154752289396158,0.48665684060284176,0.530877159621953,-0.001148037445938721,-0.008293347290489361,-0.001148037445938721,FAVORITE,1,1
2025-10-22,La Clippers,Utah,9.5,-110,-110,0.5238095238095238,0.5238095238095238,0.0,0.4579411782283875,0.5420588217716125,0.5007556028561261,0.5301967780962549,-0.023053920953397755,0.006387254286731037,0.006387254286731037,UNDERDOG,0,1
2025-10-22,Dallas,San Antonio,2.5,-110,-110,0.5238095238095238,0.5238095238095238,0.0,0.48452477106038405,0.5154752289396158,0.5100598603473249,0.5208925206050561,-0.013749663462198969,-0.0029170032044677496,-0.0029170032044677496,UNDERDOG,0,1
2025-10-22,Phoenix,Sacramento,4.5,104,-108,0.4901960784313725,0.5192307692307693,0.0,0.48452477106038405,0.5154752289396158,0.4882111208515265,0.5179163301288656,-0.0019849575798459584,-0.0013144391019036528,-0.0013144391019036528,UNDERDOG,0,1
2025-10-22,Minnesota,Portland,4.5,-110,-110,0.5238095238095238,0.5238095238095238,0.0,0.4579411782283875,0.5420588217716125,0.5007556028561261,0.5301967780962549,-0.023053920953397755,0.006387254286731037,0.006387254286731037,UNDERDOG,0,1
2025-10-23,Okla City,Indiana,8.5,-110,-110,0.5238095238095238,0.5238095238095238,0.0,0.34866093913985036,0.6513390608601497,0.4625075191751381,0.5684448617772428,-0.06130200463438573,0.04463533796771901,0.04463533796771901,UNDERDOG,0,1
2025-10-23,Golden State,Denver,2.5,-110,-110,0.5238095238095238,0.5238095238095238,1.0,0.4747456975554591,0.5252543024445409,0.5066371846206011,0.5243151963317798,-0.01717233918892269,0.0005056725222559733,0.0005056725222559733,UNDERDOG,0,0
2025-10-24,Toronto,Milwaukee,1.5,-107,102,0.5169082125603864,0.495049504950495,0.0,0.7754771127449492,0.22452288725505076,0.6074073276249834,0.4003651887570895,0.09049911506459696,-0.0946843161934055,0.09049911506459696,FAVORITE,1,0
2025-10-24,Orlando,Atlanta,4.5,-107,105,0.5169082125603864,0.4878048780487805,0.0,0.6383742517396673,0.36162574826033256,0.5594213262731348,0.44364218262282373,0.04251311371274835,-0.044162695425956744,0.04251311371274835,FAVORITE,1,0
2025-10-24,Cleveland,Brooklyn,11.5,-106,-103,0.5145631067961165,0.5073891625615764,0.0,0.38325361133020563,0.6167463886697944,0.4686047833830477,0.5456641916994527,-0.045958323413068825,0.03827502913787628,0.03827502913787628,UNDERDOG,0,1
2025-10-24,New York,Boston,3.5,-110,-110,0.5238095238095238,0.5238095238095238,1.0,0.48813073531636625,0.5118692646836337,0.5113219478369186,0.5196304331154623,-0.012487575972605192,-0.004179090694061527,-0.004179090694061527,UNDERDOG,0,0
2025-10-24,Houston,Detroit,6.5,103,-106,0.4926108374384236,0.5145631067961165,0.0,0.4928211948565355,0.5071788051434645,0.4926844625347628,0.5119786012176883,7.362509633918046e-05,-0.0025845055784281534,7.362509633918046e-05,FAVORITE,1,0
2025-10-24,Memphis,Miami,2.5,-106,101,0.5145631067961165,0.4975124378109453,0.0,0.4565041827660127,0.5434958172339873,0.4942424833855802,0.51360662060901,-0.02032062341053631,0.016094182798064682,0.016094182798064682,UNDERDOG,0,1
2025-10-24,San Antonio,New Orleans,4.5,-110,-110,0.5238095238095238,0.5238095238095238,0.0,0.3696598529913108,0.6303401470086891,0.4698571390231493,0.5610952419292317,-0.05395238478637454,0.03728571811970782,0.03728571811970782,UNDERDOG,0,1
2025-10-24,Dallas,Washington,9.5,-110,-110,0.5238095238095238,0.5238095238095238,0.0,0.42452362825645573,0.5754763717435444,0.48905946036595,0.541892920586431,-0.03475006344357384,0.01808339677690718,0.01808339677690718,UNDERDOG,0,1
2025-10-24,Minnesota,La Lakers,2.5,106,-112,0.4854368932038835,0.5283018867924528,0.0,0.5125671599803672,0.48743284001963283,0.4949324865756528,0.5139977204219659,0.009495593371769306,-0.014304166370486926,0.009495593371769306,FAVORITE,1,0
2025-10-24,Golden State,Portland,2.5,-110,-110,0.5238095238095238,0.5238095238095238,0.0,0.44641900103202137,0.5535809989679785,0.4967228408373979,0.534229540114983,-0.02708668297212591,0.01042001630545919,0.01042001630545919,UNDERDOG,0,1
2025-10-24,Sacramento,Utah,5.5,-110,-110,0.5238095238095238,0.5238095238095238,0.0,0.3456472009330097,0.6543527990669903,0.46145271080274386,0.5694996701496371,-0.062356813006779976,0.04569014634011326,0.04569014634011326,UNDERDOG,0,1
2025-10-24,La Clippers,Phoenix,9.5,-108,103,0.5192307692307693,0.4926108374384236,1.0,0.22315021197900436,0.7768497880209956,0.41560257419265156,0.5920944701423239,-0.10362819503811771,0.09948363270390026,0.09948363270390026,UNDERDOG,0,0
2025-10-25,Orlando,Chicago,6.5,112,-119,0.4716981132075472,0.54337899543379,1.0,0.37580596039604014,0.6241940396039598,0.43813585972351965,0.5716642608933494,-0.03356225348402753,0.02828526545955945,0.02828526545955945,UNDERDOG,0,0
2025-10-25,Okla City,Atlanta,6.5,101,-108,0.4975124378109453,0.5192307692307693,1.0,0.4196721305546668,0.5803278694453332,0.4702683302712478,0.5406147543058666,-0.02724410753969747,0.02138398507509731,0.02138398507509731,UNDERDOG,0,0
2025-10-25,Philadelphia,Charlotte,4.5,-106,102,0.5145631067961165,0.495049504950495,0.0,0.39969322607768987,0.6003067739223102,0.47435864854466714,0.5318895490906304,-0.04020445825144936,0.036840044140135364,0.036840044140135364,UNDERDOG,0,1
2025-10-25,Memphis,Indiana,1.5,105,-113,0.4878048780487805,0.5305164319248826,1.0,0.26895402256821244,0.7310459774317876,0.4112070786305817,0.6007017728522994,-0.07659779941819878,0.0701853409274168,0.0701853409274168,UNDERDOG,0,0
2025-10-25,Denver,Phoenix,13.5,106,-113,0.4854368932038835,0.5305164319248826,1.0,0.6036148434979934,0.39638515650200656,0.526799175806822,0.483570485526876,0.041362282602938505,-0.046945946398006644,0.041362282602938505,FAVORITE,1,1
2025-10-26,San Antonio,Brooklyn,10.5,-111,105,0.5260663507109005,0.4878048780487805,0.0,0.24946565601753484,0.7505343439824652,0.4292561075682225,0.5797601911255701,-0.09681024314267794,0.09195531307678961,0.09195531307678961,UNDERDOG,0,1
2025-10-26,Detroit,Boston,3.5,-104,-103,0.5098039215686274,0.5073891625615764,1.0,0.3526195584875278,0.6473804415124722,0.4547893944902426,0.5563861101943899,-0.055014527078384834,0.04899694763281348,0.04899694763281348,UNDERDOG,0,0
2025-10-26,Cleveland,Milwaukee,6.5,-105,-101,0.5121951219512195,0.5024875621890548,0.0,0.7393388856930355,0.2606611143069644,0.5916954392608551,0.41784830543032314,0.07950031730963558,-0.08463925675873163,0.07950031730963558,FAVORITE,1,0
2025-10-26,New York,Miami,2.5,-110,-110,0.5238095238095238,0.5238095238095238,0.0,0.7271914695473769,0.2728085304526231,0.5949932048177724,0.43595917613460855,0.07118368100824857,-0.08785034767491529,0.07118368100824857,FAVORITE,1,0
2025-10-26,Washington,Charlotte,2.5,101,-111,0.4975124378109453,0.5260663507109005,0.0,0.6179811804002886,0.3820188195997113,0.5396764977172155,0.47564971482198426,0.0421640599062702,-0.050416635888916206,0.0421640599062702,FAVORITE,1,0
2025-10-26,Minnesota,Indiana,12.5,102,-105,0.495049504950495,0.5121951219512195,0.0,0.4542310355124108,0.5457689644875892,0.48076304064716546,0.5239459668389489,-0.014286464303329527,0.011750844887729373,0.011750844887729373,UNDERDOG,0,1
2025-10-26,Dallas,Toronto,1.5,-110,-110,0.5238095238095238,0.5238095238095238,1.0,0.436462151160235,0.563537848839765,0.4932379433822727,0.5377144375701082,-0.03057158042725111,0.013904913760584336,0.013904913760584336,UNDERDOG,0,0
2025-10-26,La Clippers,Portland,8.5,-110,-110,0.5238095238095238,0.5238095238095238,0.0,0.49636766091178686,0.5036323390882131,0.5142048717953158,0.516747509157065,-0.009604652014208015,-0.0070620146524588145,-0.0070620146524588145,UNDERDOG,0,1
2025-10-26,La Lakers,Sacramento,2.5,-111,107,0.5260663507109005,0.4830917874396135,1.0,0.2610973263980586,0.7389026736019413,0.4333271922014058,0.5726255975964283,-0.09273915850949466,0.08953381015681477,0.08953381015681477,UNDERDOG,0,0
2025-10-27,Cleveland,Detroit,2.5,100,-102,0.5,0.504950495049505,1.0,0.5717239843682844,0.4282760156317157,0.5251033945288995,0.4781144272532787,0.025103394528899536,-0.02683606779622627,0.025103394528899536,FAVORITE,1,1
2025-10-27,Orlando,Philadelphia,5.5,-117,113,0.5391705069124424,0.4694835680751174,0.0,0.3915512707948853,0.6084487292051146,0.4875037742712974,0.5181213744706163,-0.05166673264114502,0.04863780639549897,0.04863780639549897,UNDERDOG,0,1
2025-10-27,Atlanta,Chicago,2.5,101,-107,0.4975124378109453,0.5169082125603864,0.0,0.16535413070163246,0.8346458692983675,0.3812570303226858,0.6281163924186799,-0.11625540748825947,0.11120817985829345,0.11120817985829345,UNDERDOG,0,1
2025-10-27,Houston,Brooklyn,15.5,-106,104,0.5145631067961165,0.4901960784313725,1.0,0.6007278327075142,0.3992721672924858,0.5447207608651057,0.45837270953276216,0.03015765406898918,-0.031823368898610316,0.03015765406898918,FAVORITE,1,1
2025-10-27,New Orleans,Boston,1.5,-110,-110,0.5238095238095238,0.5238095238095238,0.0,0.40905486249589146,0.5909451375041086,0.48364539234975246,0.5473069886026285,-0.04016413145977138,0.02349746479310466,0.02349746479310466,UNDERDOG,0,1
2025-10-27,San Antonio,Toronto,4.5,-107,106,0.5169082125603864,0.4854368932038835,0.0,0.32783301101169404,0.672166988988306,0.4507318920183441,0.5507924267284314,-0.06617632054204231,0.06535553352454793,0.06535553352454793,UNDERDOG,0,1
2025-10-27,Okla City,Dallas,8.5,-110,-110,0.5238095238095238,0.5238095238095238,0.0,0.5061074564768407,0.49389254352315926,0.5176138002430848,0.5133385807092963,-0.006195723566439049,-0.010470943100227559,-0.006195723566439049,FAVORITE,1,0
2025-10-27,Utah,Phoenix,1.5,-110,-110,0.5238095238095238,0.5238095238095238,1.0,0.723850150500316,0.27614984949968396,0.593823743151301,0.43712863780107986,0.0700142193417772,-0.08668088600844398,0.0700142193417772,FAVORITE,1,1
2025-10-27,Denver,Minnesota,6.5,-104,100,0.5098039215686274,0.5,1.0,0.6702562616574248,0.32974373834257525,0.5659622405997065,0.44041030841990136,0.05615831903107904,-0.059589691580098636,0.05615831903107904,FAVORITE,1,1
2025-10-27,Golden State,Memphis,7.5,-112,106,0.5283018867924528,0.4854368932038835,0.0,0.37830958732219194,0.621690412677808,0.4758045819778616,0.5331256250197571,-0.05249730481459125,0.04768873181587363,0.04768873181587363,UNDERDOG,0,1
2025-10-27,Portland,La Lakers,2.5,-110,-110,0.5238095238095238,0.5238095238095238,1.0,0.5391140856453898,0.4608859143546103,0.5291661204520769,0.5017862605003041,0.0053565966425530576,-0.022023263309219776,0.0053565966425530576,FAVORITE,1,1
2025-10-28,Philadelphia,Washington,4.5,-110,-110,0.5238095238095238,0.5238095238095238,1.0,0.6696762373239331,0.33032376267606683,0.5748628735395671,0.45608950741281384,0.051053349730043274,-0.06772001639670999,0.051053349730043274,FAVORITE,1,1
2025-10-28,Miami,Charlotte,6.5,-110,-110,0.5238095238095238,0.5238095238095238,1.0,0.8341364885540679,0.16586351144593206,0.6324239614701141,0.3985284194822667,0.10861443766059031,-0.12528110432725714,0.10861443766059031,FAVORITE,1,1
2025-10-28,New York,Milwaukee,1.5,-110,-110,0.5238095238095238,0.5238095238095238,0.0,0.5409704819442627,0.45902951805573733,0.5298158591566824,0.5011365217956986,0.0060063353471585534,-0.022673002013825272,0.0060063353471585534,FAVORITE,1,0
2025-10-28,Okla City,Sacramento,10.5,-110,-110,0.5238095238095238,0.5238095238095238,0.0,0.4061579573195853,0.5938420426804146,0.4826314755380453,0.5483209054143356,-0.04117804827147853,0.02451138160481181,0.02451138160481181,UNDERDOG,0,1
2025-10-28,La Clippers,Golden State,1.5,-110,-110,0.5238095238095238,0.5238095238095238,0.0,0.6306472981550628,0.3693527018449372,0.5612027448304624,0.4697496361219185,0.03739322102093856,-0.054059887687605335,0.03739322102093856,FAVORITE,1,0
2025-10-29,Houston,Toronto,5.5,-102,-106,0.504950495049505,0.5145631067961165,1.0,0.2065903817753102,0.7934096182246897,0.40052445540353676,0.6121593857961172,-0.1044260396459682,0.09759627900000067,0.09759627900000067,UNDERDOG,0,0
2025-10-29,Cleveland,Boston,3.5,103,-106,0.4926108374384236,0.5145631067961165,0.0,0.48159092221518607,0.5184090777848139,0.48875386711029045,0.5159091966421606,-0.003856970328133147,0.0013460898460441184,0.0013460898460441184,UNDERDOG,0,1
2025-10-29,Orlando,Detroit,1.5,-110,108,0.5238095238095238,0.4807692307692308,0.0,0.8637464207326178,0.1362535792673822,0.6427874377326066,0.36018875274358375,0.11897791392308277,-0.12058047802564703,0.11897791392308277,FAVORITE,1,0
2025-10-29,Atlanta,Brooklyn,8.5,105,-111,0.4878048780487805,0.5260663507109005,0.0,0.416801955046176,0.583198044953824,0.4629538549978689,0.5460624436959237,-0.02485102305091158,0.01999609298502325,0.01999609298502325,UNDERDOG,0,1
2025-10-29,Chicago,Sacramento,4.5,-111,106,0.5260663507109005,0.4854368932038835,1.0,0.38781212703681833,0.6121878729631817,0.4776773724249717,0.5297997361196378,-0.04838897828592875,0.04436284291575432,0.04436284291575432,UNDERDOG,0,0
2025-10-29,Dallas,Indiana,5.5,-114,103,0.5327102803738317,0.4926108374384236,0.0,0.32838900926357895,0.671610990736421,0.4611978354852433,0.5552608910927227,-0.07151244488858843,0.0626500536542991,0.0626500536542991,UNDERDOG,0,1
2025-10-29,Denver,New Orleans,12.5,-110,-110,0.5238095238095238,0.5238095238095238,1.0,0.5295186383720051,0.47048136162799487,0.5258077139063922,0.5051446670459887,0.001998190096868413,-0.01866485676353513,0.001998190096868413,FAVORITE,1,1
2025-10-29,Portland,Utah,3.5,-110,-110,0.5238095238095238,0.5238095238095238,0.0,0.6146922839328335,0.3853077160671665,0.5556184898526821,0.47533389109969876,0.031808966043158304,-0.04847563270982508,0.031808966043158304,FAVORITE,1,0
2025-10-29,Minnesota,La Lakers,7.5,-101,-109,0.5024875621890548,0.5215311004784688,0.0,0.3584196363815827,0.6415803636184172,0.45206378815643955,0.5635483425774508,-0.05042377403261522,0.042017242098981944,0.042017242098981944,UNDERDOG,0,1
2025-10-29,Memphis,Phoenix,1.5,-109,101,0.5215311004784688,0.4975124378109453,0.0,0.6147257486493654,0.38527425135063464,0.5541492273382826,0.4582290725498366,0.0326181268598138,-0.039283365261108705,0.0326181268598138,FAVORITE,1,0
2025-10-30,Orlando,Charlotte,1.5,-122,109,0.5495495495495496,0.4784688995215311,1.0,0.7213479983956013,0.2786520016043987,0.6096790066456677,0.4085329852505348,0.060129457096118055,-0.06993591427099632,0.060129457096118055,FAVORITE,1,1
2025-10-30,Golden State,Milwaukee,3.5,-101,-111,0.5024875621890548,0.5260663507109005,0.0,0.28391503707971066,0.7160849629202892,0.42598717840078437,0.5925728649841866,-0.0765003837882704,0.06650651427328613,0.06650651427328613,UNDERDOG,0,1
2025-10-30,Okla City,Washington,15.5,101,-107,0.4975124378109453,0.5169082125603864,0.0,0.5667537015992463,0.43324629840075357,0.5217468801368507,0.487626542604515,0.02423444232590538,-0.029281669955871448,0.02423444232590538,FAVORITE,1,0
2025-10-30,San Antonio,Miami,5.5,-107,103,0.5169082125603864,0.4926108374384236,0.0,0.1842541309084197,0.8157458690915803,0.4004792839821981,0.6057080985170284,-0.11642892857818832,0.11309726107860485,0.11309726107860485,UNDERDOG,0,1
2025-10-31,Atlanta,Indiana,2.5,103,-106,0.4926108374384236,0.5145631067961165,1.0,0.29474192162726587,0.705258078372734,0.4233567169045184,0.5813063468479326,-0.06925412053390517,0.06674324005181609,0.06674324005181609,UNDERDOG,0,0
2025-10-31,Boston,Philadelphia,1.5,-102,-107,0.504950495049505,0.5169082125603864,0.0,0.4756512471650367,0.5243487528349633,0.49469575828994106,0.5195124016564884,-0.010254736759563898,0.0026041890961019387,0.0026041890961019387,UNDERDOG,0,1
2025-10-31,Cleveland,Toronto,4.5,-102,-105,0.504950495049505,0.5121951219512195,0.0,0.7508042594261031,0.24919574057389693,0.5909993125813142,0.42014533846915664,0.08604881753180926,-0.09204978348206289,0.08604881753180926,FAVORITE,1,0
2025-10-31,New York,Chicago,5.5,-110,-110,0.5238095238095238,0.5238095238095238,0.0,0.706595583091635,0.293404416908365,0.5877846445582627,0.4431677363941182,0.0639751207487389,-0.08064178741540562,0.0639751207487389,FAVORITE,1,0
2025-10-31,Memphis,La Lakers,2.5,104,-111,0.4901960784313725,0.5260663507109005,1.0,0.3337874745216738,0.6662125254783262,0.4354530670629779,0.5751175118794994,-0.054743011368394545,0.04905116116859898,0.04905116116859898,UNDERDOG,0,0
2025-10-31,Phoenix,Utah,3.5,-110,-110,0.5238095238095238,0.5238095238095238,1.0,0.39404544260348395,0.605954557396516,0.4783920953874099,0.552560285564971,-0.04541742842211394,0.02875076175544722,0.02875076175544722,UNDERDOG,0,0
2025-10-31,Denver,Portland,5.5,108,-113,0.4807692307692308,0.5305164319248826,0.0,0.3119836694416972,0.6880163305583028,0.421694284304594,0.5856413964465796,-0.05907494646463679,0.05512496452169702,0.05512496452169702,UNDERDOG,0,1
2025-10-31,La Clippers,New Orleans,10.5,-110,-110,0.5238095238095238,0.5238095238095238,0.0,0.8439417586407865,0.15605824135921353,0.6358558060004658,0.3950965749519152,0.11204628219094193,-0.12871294885760864,0.11204628219094193,FAVORITE,1,0
2025-11-01,Orlando,Washington,9.5,109,-112,0.4784688995215311,0.5283018867924528,1.0,0.8343177199906145,0.16568228000938542,0.6030159866857103,0.40138502441837925,0.12454708716417923,-0.12691686237407357,0.12454708716417923,FAVORITE,1,1
2025-11-01,Minnesota,Charlotte,4.5,104,-112,0.4901960784313725,0.5283018867924528,1.0,0.5843050848401318,0.4156949151598682,0.5231342306744382,0.4888894467210482,0.03293815224306573,-0.0394124400714046,0.03293815224306573,FAVORITE,1,1
2025-11-01,Golden State,Indiana,11.5,113,-117,0.4694835680751174,0.5391705069124424,0.0,0.3280798500205955,0.6719201499794045,0.41999226675603474,0.5856328819858792,-0.04949130131908264,0.04646237507343676,0.04646237507343676,UNDERDOG,0,1
2025-11-01,Houston,Boston,5.5,103,-104,0.4926108374384236,0.5098039215686274,1.0,0.6654170013524251,0.33458299864757485,0.5530929948083241,0.448476598546259,0.06048215736990048,-0.06132732302236843,0.06048215736990048,FAVORITE,1,1
2025-11-01,Milwaukee,Sacramento,7.5,109,-115,0.4784688995215311,0.5348837209302325,0.0,0.5209454513586949,0.4790545486413052,0.4933356926645384,0.515343510629108,0.014866793143007317,-0.019540210301124517,0.014866793143007317,FAVORITE,1,0
2025-11-01,Detroit,Dallas,7.5,-103,101,0.5073891625615764,0.4975124378109453,1.0,0.41045557060816545,0.5895444293918346,0.47346240537788253,0.5297236348642566,-0.03392675718369387,0.03221119705331127,0.03221119705331127,UNDERDOG,0,0
2025-11-02,Okla City,New Orleans,13.5,-110,-110,0.5238095238095238,0.5238095238095238,1.0,0.5345038330779821,0.4654961669220178,0.5275525320534842,0.5033998488988967,0.003743008243960344,-0.020409674910627174,0.003743008243960344,FAVORITE,1,1
2025-11-02,Philadelphia,Brooklyn,5.5,107,-110,0.4830917874396135,0.5238095238095238,1.0,0.7448202663860711,0.25517973361392876,0.5746967550708737,0.42978909724106557,0.09160496763126019,-0.09402042656845827,0.09160496763126019,FAVORITE,1,1
2025-11-02,Charlotte,Utah,1.5,-110,-110,0.5238095238095238,0.5238095238095238,1.0,0.7018558501319165,0.29814414986808346,0.5861257380223612,0.4448266429300197,0.062316214212837395,-0.07898288087950411,0.062316214212837395,FAVORITE,1,1
2025-11-02,Cleveland,Atlanta,6.5,102,-107,0.495049504950495,0.5169082125603864,1.0,0.5552160360882468,0.4447839639117533,0.5161077908487081,0.4916647255333649,0.02105828589821307,-0.02524348702702156,0.02105828589821307,FAVORITE,1,1
2025-11-02,Toronto,Memphis,4.5,-106,104,0.5145631067961165,0.4901960784313725,1.0,0.6131631555863148,0.3868368444136851,0.5490731238726859,0.4540203465251819,0.03451001707656942,-0.036175731906190556,0.03451001707656942,FAVORITE,1,1
2025-11-02,New York,Chicago,7.5,-110,-110,0.5238095238095238,0.5238095238095238,1.0,0.799181442521851,0.200818557478149,0.6201896953588384,0.4107626855935426,0.09638017154931455,-0.11304683821598122,0.09638017154931455,FAVORITE,1,1
2025-11-02,San Antonio,Phoenix,5.5,-104,-103,0.5098039215686274,0.5073891625615764,0.0,0.1304344498734747,0.8695655501265253,0.377024606475324,0.6341508982093085,-0.13277931509330343,0.12676173564773208,0.12676173564773208,UNDERDOG,0,1
2025-11-02,La Lakers,Miami,4.5,-112,103,0.5283018867924528,0.4926108374384236,0.0,0.20675352598173963,0.7932464740182603,0.41575996050870323,0.5978333102413664,-0.1125419262837496,0.10522247280294283,0.10522247280294283,UNDERDOG,0,1
2025-11-03,Minnesota,Brooklyn,8.5,-116,104,0.5370370370370371,0.4901960784313725,1.0,0.55971832913626,0.44028167086374004,0.5449754892717651,0.4727260357827011,0.007938452234728,-0.017470042648671358,0.007938452234728,FAVORITE,1,1
2025-11-03,Milwaukee,Indiana,6.5,105,-108,0.4878048780487805,0.5192307692307693,0.0,0.3144085909392092,0.6855914090607907,0.4271161775604305,0.5774569931712767,-0.060688700488349956,0.05822622394050747,0.05822622394050747,UNDERDOG,0,1
2025-11-03,Boston,Utah,10.5,-110,-110,0.5238095238095238,0.5238095238095238,0.0,0.2730973469733593,0.7269026530266407,0.43606026191686625,0.5948921190355148,-0.08774926189265758,0.07108259522599092,0.07108259522599092,UNDERDOG,0,1
2025-11-03,New York,Washington,12.5,-110,-110,0.5238095238095238,0.5238095238095238,1.0,0.40008707530902593,0.599912924690974,0.48050666683434956,0.5504457141180314,-0.043302856975174275,0.026636190308507612,0.026636190308507612,UNDERDOG,0,0
2025-11-03,Houston,Dallas,12.5,-106,102,0.5145631067961165,0.495049504950495,0.0,0.6317270191272499,0.3682729808727501,0.5555704761120132,0.4506777215232843,0.04100736931589666,-0.04437178342721071,0.04100736931589666,FAVORITE,1,0
2025-11-03,Detroit,Memphis,4.5,100,-105,0.5,0.5121951219512195,1.0,0.3204260291505695,0.6795739708494304,0.4371491102026993,0.5707777190655934,-0.06285088979730069,0.05858259711437386,0.05858259711437386,UNDERDOG,0,0
2025-11-03,Denver,Sacramento,11.5,-108,106,0.5192307692307693,0.4854368932038835,0.0,0.7152029012885056,0.2847970987114944,0.587821015450977,0.4152129651315473,0.0685902462202077,-0.07022392807233618,0.0685902462202077,FAVORITE,1,0
2025-11-03,Portland,La Lakers,3.5,106,-113,0.4854368932038835,0.5305164319248826,0.0,0.5107815800011533,0.4892184199988468,0.4943075335829279,0.5160621277507701,0.008870640379044392,-0.014454304174112531,0.008870640379044392,FAVORITE,1,0
2025-11-04,Toronto,Milwaukee,3.5,105,-114,0.4878048780487805,0.5327102803738317,1.0,0.3177137563240001,0.6822862436759999,0.42827298544510733,0.5850618675295906,-0.05953189260367314,0.05235158715575883,0.05235158715575883,UNDERDOG,0,0
2025-11-04,Orlando,Atlanta,3.5,100,-103,0.5,0.5073891625615764,0.0,0.5703304762089171,0.4296695237910829,0.524615666673121,0.48018728899190366,0.024615666673120984,-0.02720187356967274,0.024615666673120984,FAVORITE,1,0
2025-11-04,Chicago,Philadelphia,1.5,103,-106,0.4926108374384236,0.5145631067961165,1.0,0.2822285538494833,0.7177714461505167,0.41897703818229454,0.5856860255701566,-0.07363379925612906,0.07112291877404009,0.07112291877404009,UNDERDOG,0,0
2025-11-04,New Orleans,Charlotte,2.5,-110,-110,0.5238095238095238,0.5238095238095238,1.0,0.2544294201927898,0.7455705798072102,0.4295264875436669,0.601425893408714,-0.09428303626585693,0.07761636959919016,0.07761636959919016,UNDERDOG,0,0
2025-11-04,Golden State,Phoenix,10.5,-112,104,0.5283018867924528,0.4901960784313725,0.0,0.3146532401403423,0.6853467598596577,0.45352486046421414,0.5584988169312723,-0.07477702632823868,0.06830273849989987,0.06830273849989987,UNDERDOG,0,1
2025-11-04,Okla City,La Clippers,7.5,106,-109,0.4854368932038835,0.5215311004784688,1.0,0.5300282099414324,0.4699717900585675,0.5010438540620257,0.5034853418315033,0.015606960858142171,-0.01804575864696556,0.015606960858142171,FAVORITE,1,1
2025-11-05,Cleveland,Philadelphia,9.5,-116,113,0.5370370370370371,0.4694835680751174,1.0,0.4094831210396571,0.5905168789603429,0.49239316643795417,0.5118452268849463,-0.044643870599082924,0.042361658809828895,0.042361658809828895,UNDERDOG,0,0
2025-11-05,Detroit,Utah,9.5,-110,-110,0.5238095238095238,0.5238095238095238,1.0,0.30953664820704,0.6904633517929599,0.4488140173486545,0.5821383636037265,-0.07499550646086933,0.05832883979420267,0.05832883979420267,UNDERDOG,0,0
2025-11-05,Indiana,Brooklyn,6.5,-104,-103,0.5098039215686274,0.5073891625615764,0.0,0.5995195348423592,0.4004804651576408,0.5412043862144336,0.4699711184701989,0.03140046464580615,-0.0374180440913775,0.03140046464580615,FAVORITE,1,0
2025-11-05,Boston,Washington,12.5,-106,-102,0.5145631067961165,0.504950495049505,1.0,0.3108615743149965,0.6891384256850035,0.44326757042772447,0.5694162707719295,-0.07129553636839203,0.06446577572242451,0.06446577572242451,UNDERDOG,0,0
2025-11-05,New York,Minnesota,4.5,-110,-110,0.5238095238095238,0.5238095238095238,1.0,0.3374639002770623,0.6625360997229377,0.4585885555731623,0.5723638253792187,-0.06522096823636153,0.04855430156969487,0.04855430156969487,UNDERDOG,0,0
2025-11-05,Houston,Memphis,7.5,-106,-102,0.5145631067961165,0.504950495049505,1.0,0.7341202730498575,0.2658797269501425,0.5914081149849258,0.4212757262147281,0.07684500818880935,-0.08367476883477687,0.07684500818880935,FAVORITE,1,1
2025-11-05,Dallas,New Orleans,7.5,-110,-110,0.5238095238095238,0.5238095238095238,0.0,0.5770253044286039,0.4229746955713961,0.5424350470262018,0.48851733392617913,0.018625523216677986,-0.035292189883344705,0.018625523216677986,FAVORITE,1,0
2025-11-05,Denver,Miami,9.5,-101,-106,0.5024875621890548,0.5145631067961165,1.0,0.7176881946209757,0.28231180537902434,0.5778077835402271,0.4332751513001342,0.07532022135117233,-0.08128795549598228,0.07532022135117233,FAVORITE,1,1
2025-11-05,La Lakers,San Antonio,2.5,100,-104,0.5,0.5098039215686274,0.0,0.37074098746841816,0.6292590125315819,0.4547593456139464,0.5516132034056614,-0.045240654386053625,0.04180928183703403,0.04180928183703403,UNDERDOG,0,1
2025-11-05,Okla City,Portland,4.5,107,-111,0.4830917874396135,0.5260663507109005,0.0,0.5345055770359894,0.4654944229640105,0.5010866137983451,0.504866175999489,0.017994826358731564,-0.021200174711411446,0.017994826358731564,FAVORITE,1,0
2025-11-05,Sacramento,Golden State,2.5,-116,107,0.5370370370370371,0.4830917874396135,1.0,0.3961078352096168,0.6038921647903832,0.48771181639744,0.5253719195123829,-0.0493252206395971,0.04228013207276943,0.04228013207276943,UNDERDOG,0,0
2025-11-06,Phoenix,La Clippers,2.5,-107,104,0.5169082125603864,0.4901960784313725,0.0,0.4275372765670552,0.5724627234329448,0.48562838496272054,0.5189894041819227,-0.0312798275976659,0.02879332575055027,0.02879332575055027,UNDERDOG,0,1
2025-11-07,Orlando,Boston,3.5,100,-106,0.5,0.5145631067961165,1.0,0.3452011696346705,0.6547988303653295,0.4458204093721347,0.5636456100453411,-0.054179590627865315,0.049082503249224585,0.049082503249224585,UNDERDOG,0,0
2025-11-07,Cleveland,Washington,13.5,-101,101,0.5024875621890548,0.4975124378109453,1.0,0.45845351436125115,0.5415464856387489,0.4870756454493235,0.5129243545506765,-0.015411916739731246,0.015411916739731246,0.015411916739731246,UNDERDOG,0,0
2025-11-07,Atlanta,Toronto,2.5,101,-107,0.4975124378109453,0.5169082125603864,0.0,0.41054770440723337,0.5894522955927666,0.4670747811196461,0.5422986416217195,-0.030437656691299164,0.025390429061333042,0.025390429061333042,UNDERDOG,0,1
2025-11-07,Detroit,Brooklyn,10.5,101,-104,0.4975124378109453,0.5098039215686274,1.0,0.3983286350287852,0.6016713649712149,0.46279810683718925,0.541957526759533,-0.034714330973756036,0.0321536051909056,0.0321536051909056,UNDERDOG,0,0
2025-11-07,Houston,San Antonio,4.5,107,-116,0.4830917874396135,0.5370370370370371,0.0,0.48186981682299734,0.5181301831770025,0.48266409772379787,0.530419638186025,-0.00042768971581563786,-0.006617398851012091,-0.00042768971581563786,FAVORITE,1,0
2025-11-07,Miami,Charlotte,4.5,-109,103,0.5215311004784688,0.4926108374384236,1.0,0.7755795906134927,0.2244204093865073,0.6104480720257272,0.39874418762025293,0.0889169715472583,-0.09386664981817067,0.0889169715472583,FAVORITE,1,1
2025-11-07,Memphis,Dallas,4.5,100,-105,0.5,0.5121951219512195,1.0,0.3957800361638953,0.6042199638361047,0.46352301265736334,0.5444038166109293,-0.03647698734263666,0.03220869465970977,0.03220869465970977,UNDERDOG,0,0
2025-11-07,Milwaukee,Chicago,4.5,-101,-103,0.5024875621890548,0.5073891625615764,1.0,0.5750776128593673,0.4249223871406327,0.5278940799236642,0.4785257911642461,0.025406517734609446,-0.028863371397330306,0.025406517734609446,FAVORITE,1,1
2025-11-07,Minnesota,Utah,11.5,-110,-110,0.5238095238095238,0.5238095238095238,1.0,0.357617957425248,0.642382042574752,0.46564247557502725,0.5653099053773536,-0.05816704823449659,0.04150038156782976,0.04150038156782976,UNDERDOG,0,0
2025-11-07,Denver,Golden State,10.5,101,-111,0.4975124378109453,0.5260663507109005,1.0,0.7804684172038262,0.21953158279617374,0.5965470305984536,0.41877918194074615,0.09903459278750831,-0.10728716877015432,0.09903459278750831,FAVORITE,1,1
2025-11-07,Okla City,Sacramento,10.5,-112,108,0.5283018867924528,0.4807692307692308,1.0,0.8392185697204793,0.1607814302795207,0.637122725817262,0.36877350059783226,0.10882083902480921,-0.11199573017139852,0.10882083902480921,FAVORITE,1,1
2025-11-08,Dallas,Washington,4.5,-111,105,0.5260663507109005,0.4878048780487805,1.0,0.5592959084776452,0.44070409152235474,0.5376966959292611,0.47131960276453144,0.011630345218360594,-0.016485275284249035,0.011630345218360594,FAVORITE,1,1
2025-11-08,Philadelphia,Toronto,5.5,101,-110,0.4975124378109453,0.5238095238095238,1.0,0.45298846226458733,0.5470115377354127,0.48192904636972,0.531930228683585,-0.01558339144122528,0.008120704874061135,0.008120704874061135,UNDERDOG,0,0
2025-11-08,La Lakers,Atlanta,3.5,-105,103,0.5121951219512195,0.4926108374384236,0.0,0.31492032793027463,0.6850796720697253,0.4431489440438888,0.5599749295593792,-0.0690461779073307,0.06736409212095562,0.06736409212095562,UNDERDOG,0,1
2025-11-08,Cleveland,Chicago,8.5,-102,-102,0.504950495049505,0.504950495049505,0.0,0.5954893918470745,0.4045106081529255,0.5366391089286543,0.46979653463570215,0.03168861387914934,-0.03515396041380281,0.03168861387914934,FAVORITE,1,0
2025-11-08,Portland,Miami,3.5,-108,100,0.5192307692307693,0.5,0.0,0.30489400370619674,0.6951059962938033,0.4442129012971689,0.5682870987028311,-0.07501786793360038,0.06828709870283112,0.06828709870283112,UNDERDOG,0,1
2025-11-08,San Antonio,New Orleans,10.5,-110,-110,0.5238095238095238,0.5238095238095238,0.0,0.5903860752927018,0.4096139247072982,0.5471113168286361,0.48384106412374484,0.023301793019112282,-0.039968459685779,0.023301793019112282,FAVORITE,1,0
2025-11-08,Denver,Indiana,12.5,109,-114,0.4784688995215311,0.5327102803738317,1.0,0.5297424074603897,0.4702575925396103,0.49641462730013164,0.5108518396318542,0.01794572777860054,-0.021858440741977514,0.01794572777860054,FAVORITE,1,1
2025-11-08,La Clippers,Phoenix,5.5,103,-110,0.4926108374384236,0.5238095238095238,1.0,0.31216013289017963,0.6878398671098204,0.42945309084653827,0.5812201439646276,-0.06315774659188533,0.057410620155103786,0.057410620155103786,UNDERDOG,0,0
2025-11-09,Houston,Milwaukee,4.5,102,-106,0.495049504950495,0.5145631067961165,1.0,0.6481595570472536,0.3518404429527464,0.5486380231843605,0.457610174450937,0.05358851823386551,-0.05695293234517951,0.05358851823386551,FAVORITE,1,1
2025-11-09,New York,Brooklyn,15.5,-110,-110,0.5238095238095238,0.5238095238095238,1.0,0.7411665386911155,0.25883346130888446,0.5998844790180808,0.43106790193430006,0.076074955208557,-0.09274162187522378,0.076074955208557,FAVORITE,1,1
2025-11-09,Orlando,Boston,3.5,-111,104,0.5260663507109005,0.4901960784313725,0.0,0.3730069724033609,0.6269930275966391,0.4724955683032616,0.5380750106392158,-0.05357078240763885,0.04787893220784334,0.04787893220784334,UNDERDOG,0,1
2025-11-09,Okla City,Memphis,10.5,-104,101,0.5098039215686274,0.4975124378109453,1.0,0.6318525421899935,0.3681474578100064,0.5525209387861055,0.4522346948106167,0.042717017217478115,-0.04527774300032861,0.042717017217478115,FAVORITE,1,1
2025-11-09,Detroit,Philadelphia,4.5,103,-109,0.4926108374384236,0.5215311004784688,0.0,0.5084971572273844,0.4915028427726156,0.4981710493645599,0.5110212102814202,0.005560211926136316,-0.010509890197048621,0.005560211926136316,FAVORITE,1,0
2025-11-09,Golden State,Indiana,12.5,-103,101,0.5073891625615764,0.4975124378109453,0.0,0.2949477102138722,0.7050522897861278,0.4330346542398799,0.5701513860022591,-0.07435450832169649,0.07263894819131383,0.07263894819131383,UNDERDOG,0,1
2025-11-09,Minnesota,Sacramento,5.5,104,-105,0.4901960784313725,0.5121951219512195,1.0,0.38896196355931945,0.6110380364406806,0.4547641382261539,0.5467901420225308,-0.03543194020521856,0.03459502007131132,0.03459502007131132,UNDERDOG,0,0
2025-11-10,La Lakers,Charlotte,8.5,-104,-105,0.5098039215686274,0.5121951219512195,1.0,0.6116340967880904,0.38836590321190945,0.5454444828954395,0.468854895392461,0.03564056132681204,-0.04334022655875852,0.03564056132681204,FAVORITE,1,1
2025-11-10,Detroit,Washington,11.5,-109,104,0.5215311004784688,0.4901960784313725,0.0,0.4454886690590957,0.5545113309409043,0.4949162494816882,0.5127064168097086,-0.026614850996780626,0.02251033837833616,0.02251033837833616,UNDERDOG,0,1
2025-11-10,Orlando,Portland,2.5,104,-108,0.4901960784313725,0.5192307692307693,1.0,0.6862011532876596,0.3137988467123403,0.558797854631073,0.4473295963493191,0.06860177619970054,-0.07190117288145015,0.06860177619970054,FAVORITE,1,1
2025-11-10,Cleveland,Miami,7.5,-102,100,0.504950495049505,0.5,0.0,0.36707344586520657,0.6329265541347935,0.4566935278350005,0.5465242939471777,-0.048256967214504454,0.04652429394717772,0.04652429394717772,UNDERDOG,0,1
2025-11-10,San Antonio,Chicago,4.5,101,-108,0.4975124378109453,0.5192307692307693,0.0,0.4690178747101157,0.5309821252898843,0.48753934072565497,0.5233437438514595,-0.009973097085290317,0.004112974620690268,0.004112974620690268,UNDERDOG,0,1
2025-11-10,Milwaukee,Dallas,2.5,102,-106,0.495049504950495,0.5145631067961165,0.0,0.15352966130490883,0.8464703386950911,0.3755175596745398,0.6307306379607576,-0.11953194527595518,0.11616753116464107,0.11616753116464107,UNDERDOG,0,1
2025-11-10,Phoenix,New Orleans,9.5,-110,-110,0.5238095238095238,0.5238095238095238,1.0,0.4743579780184386,0.5256420219815614,0.506501482782644,0.524450898169737,-0.017308041026879883,0.000641374360213165,0.000641374360213165,UNDERDOG,0,0
2025-11-10,Minnesota,Utah,7.5,-110,-110,0.5238095238095238,0.5238095238095238,0.0,0.5047324249228724,0.49526757507712765,0.5171325391991959,0.5138198417531852,-0.006676984610327952,-0.009989682056338656,-0.006676984610327952,FAVORITE,1,0
2025-11-11,Toronto,Brooklyn,10.5,108,-110,0.4807692307692308,0.5238095238095238,0.0,0.7358048730021186,0.2641951269978814,0.5700317055507416,0.43294448492544896,0.08926247478151078,-0.09086503888407488,0.08926247478151078,FAVORITE,1,0
2025-11-11,New York,Memphis,9.5,-110,-110,0.5238095238095238,0.5238095238095238,1.0,0.6042721541122043,0.39572784588779575,0.551971444415462,0.478980936536919,0.02816192060593814,-0.04482858727260486,0.02816192060593814,FAVORITE,1,1
2025-11-11,Philadelphia,Boston,1.5,-102,-104,0.504950495049505,0.5098039215686274,1.0,0.5640741326000327,0.43592586739996725,0.5256437681921897,0.4839466026095963,0.020693273142684765,-0.025857318959031095,0.020693273142684765,FAVORITE,1,1
2025-11-11,Okla City,Golden State,7.5,-106,101,0.5145631067961165,0.4975124378109453,0.0,0.5201367573281441,0.47986324267185587,0.5165138844823262,0.491335219512264,0.0019507776862096593,-0.006177218298681286,0.0019507776862096593,FAVORITE,1,0
2025-11-11,Indiana,Utah,2.5,-110,-110,0.5238095238095238,0.5238095238095238,0.0,0.22266104865606035,0.7773389513439397,0.4184075575058116,0.6125448234465694,-0.10540196630371224,0.08873529963704552,0.08873529963704552,UNDERDOG,0,1
2025-11-11,Denver,Sacramento,8.5,-109,101,0.5215311004784688,0.4975124378109453,1.0,0.6749722283754344,0.32502777162456564,0.5752354952424068,0.4371428046457124,0.05370439476393796,-0.06036963316523286,0.05370439476393796,FAVORITE,1,1
2025-11-12,Milwaukee,Charlotte,4.5,-113,104,0.5305164319248826,0.4901960784313725,0.0,0.6620613975159346,0.3379386024840653,0.5765571698817509,0.436905961849815,0.04604073795686825,-0.05329011658155747,0.04604073795686825,FAVORITE,1,0
2025-11-12,Detroit,Chicago,1.5,104,-117,0.4901960784313725,0.5391705069124424,0.0,0.607719597430546,0.39228040256945396,0.5313293100810832,0.4877589703923964,0.04113323164971072,-0.051411536520045986,0.04113323164971072,FAVORITE,1,0
2025-11-12,New York,Orlando,4.5,-110,-110,0.5238095238095238,0.5238095238095238,0.0,0.5816159899780543,0.4183840100219456,0.5440417869685095,0.48691059398387143,0.02023226315898563,-0.036898929825652405,0.02023226315898563,FAVORITE,1,0
2025-11-12,Boston,Memphis,6.5,-102,-104,0.504950495049505,0.5098039215686274,1.0,0.43336650736287086,0.566633492637129,0.479896099359183,0.529694271442603,-0.025054395690321973,0.019890349873975532,0.019890349873975532,UNDERDOG,0,0
2025-11-12,Miami,Cleveland,5.5,-106,103,0.5145631067961165,0.4926108374384236,0.0,0.48375190987771366,0.5162480901222863,0.5037791878746755,0.5008838758777756,-0.010783918921441038,0.00827303843935201,0.00827303843935201,UNDERDOG,0,1
2025-11-12,Houston,Washington,16.5,-110,101,0.5238095238095238,0.4975124378109453,1.0,0.7109800974499438,0.2890199025500561,0.5893192245836708,0.42454005046963406,0.06550970077414697,-0.07297238734131123,0.06550970077414697,FAVORITE,1,1
2025-11-12,Portland,New Orleans,8.5,-110,-110,0.5238095238095238,0.5238095238095238,0.0,0.560331523212378,0.43966847678762194,0.5365922236005227,0.4943601573518581,0.012782699790998886,-0.029449366457665715,0.012782699790998886,FAVORITE,1,0
2025-11-12,San Antonio,Golden State,4.5,100,-104,0.5,0.5098039215686274,1.0,0.3384060516060345,0.6615939483939655,0.4434421180621121,0.5629304309574957,-0.05655788193788791,0.053126509388868315,0.053126509388868315,UNDERDOG,0,0
2025-11-12,Dallas,Phoenix,1.5,100,-109,0.5,0.5215311004784688,1.0,0.3117411240680455,0.6882588759319546,0.43410939342381594,0.5798858218871888,-0.06589060657618406,0.05835472140872,0.05835472140872,UNDERDOG,0,0
2025-11-12,Okla City,La Lakers,6.5,-111,108,0.5260663507109005,0.4807692307692308,0.0,0.40101643770785156,0.5989835622921484,0.4822988811598333,0.5221442468022519,-0.04376746955106714,0.04137501603302113,0.04137501603302113,UNDERDOG,0,1
2025-11-12,Atlanta,Sacramento,3.5,-102,-105,0.504950495049505,0.5121951219512195,1.0,0.7189118067918766,0.2810881932081234,0.579836954159335,0.4313076968911359,0.07488645910983005,-0.08088742506008362,0.07488645910983005,FAVORITE,1,1
2025-11-12,Denver,La Clippers,3.5,100,-107,0.5,0.5169082125603864,1.0,0.4547094734938276,0.5452905265061724,0.4841483157228397,0.5268420224414115,-0.015851684277160327,0.009933809881025102,0.009933809881025102,UNDERDOG,0,0
2025-11-14,New York,Miami,6.5,-110,-110,0.5238095238095238,0.5238095238095238,1.0,0.7525803930813804,0.24741960691861964,0.6038793280546736,0.42707305289770736,0.08006980424514976,-0.09673647091181647,0.08006980424514976,FAVORITE,1,1
2025-11-14,Orlando,Brooklyn,13.5,-108,105,0.5192307692307693,0.4878048780487805,0.0,0.532016574629266,0.46798342537073395,0.5237058011202431,0.4808673696114642,0.004475031889473846,-0.006937508437316275,0.004475031889473846,FAVORITE,1,0
2025-11-14,Detroit,Philadelphia,4.5,100,-108,0.5,0.5192307692307693,1.0,0.5142411454214184,0.4857588545785816,0.5049844008974964,0.5075155991025035,0.0049844008974964105,-0.011715170128265728,0.0049844008974964105,FAVORITE,1,1
2025-11-14,Houston,Portland,7.5,102,-104,0.495049504950495,0.5098039215686274,1.0,0.7935029394657753,0.2064970605342246,0.5995082070308431,0.4036465202065864,0.10445870208034808,-0.10615740136204099,0.10445870208034808,FAVORITE,1,1
2025-11-14,Milwaukee,Charlotte,9.5,100,-104,0.5,0.5098039215686274,1.0,0.42304472160942497,0.576955278390575,0.47306565256329874,0.533306896456309,-0.026934347436701256,0.023502974887681605,0.023502974887681605,UNDERDOG,0,0
2025-11-14,Minnesota,Sacramento,11.5,-110,103,0.5238095238095238,0.4926108374384236,1.0,0.547450544862627,0.452549455137373,0.5320838811781099,0.4785893536330559,0.00827435736858606,-0.014021483805367718,0.00827435736858606,FAVORITE,1,1
2025-11-14,La Lakers,New Orleans,9.5,-110,-110,0.5238095238095238,0.5238095238095238,1.0,0.3384527782483126,0.6615472217516873,0.4589346628630999,0.572017718089281,-0.06487486094642392,0.0482081942797572,0.0482081942797572,UNDERDOG,0,0
2025-11-14,La Clippers,Dallas,2.5,-104,-104,0.5098039215686274,0.5098039215686274,1.0,0.3613976240957456,0.6386023759042543,0.45786171745311877,0.5548833805860969,-0.05194220411550865,0.04507945901746946,0.04507945901746946,UNDERDOG,0,0
2025-11-14,San Antonio,Golden State,2.5,-104,-103,0.5098039215686274,0.5073891625615764,0.0,0.36275383452750276,0.6372461654724972,0.4583363911042338,0.5528391135803987,-0.05146753046439362,0.04544995101882232,0.04544995101882232,UNDERDOG,0,1
2025-11-15,Cleveland,Memphis,11.5,107,-108,0.4830917874396135,0.5192307692307693,0.0,0.4423952994344561,0.5576047005655439,0.4688480166378084,0.5326616451979403,-0.014243770801805111,0.013430875967171074,0.013430875967171074,UNDERDOG,0,1
2025-11-15,Okla City,Charlotte,15.5,-116,112,0.5370370370370371,0.4716981132075472,0.0,0.5418184134573482,0.4581815865426518,0.538710518784146,0.4669673288748338,0.001673481747108907,-0.0047307843327134,0.001673481747108907,FAVORITE,1,0
2025-11-15,Toronto,Indiana,6.5,-112,104,0.5283018867924528,0.4901960784313725,1.0,0.5035523296626232,0.4964476703373768,0.5196395417970125,0.492384135598474,-0.008662344995440274,0.0021880571671015203,0.0021880571671015203,UNDERDOG,0,0
2025-11-15,La Lakers,Milwaukee,1.5,-101,-112,0.5024875621890548,0.5283018867924528,1.0,0.40783159225991256,0.5921684077400874,0.46935797271385504,0.5506551691241249,-0.03312958947519973,0.02235328233167211,0.02235328233167211,UNDERDOG,0,0
2025-11-15,Minnesota,Denver,2.5,-111,101,0.5260663507109005,0.4975124378109453,0.0,0.3321541195709069,0.667845880429093,0.4581970698119027,0.557129142727297,-0.06786928089899774,0.05961670491635168,0.05961670491635168,UNDERDOG,0,1
2025-11-16,San Antonio,Sacramento,8.5,-104,-101,0.5098039215686274,0.5024875621890548,0.0,0.5409421696371467,0.45905783036285325,0.5207023083926092,0.48728715604988426,0.01089838682398181,-0.015200406139170508,0.01089838682398181,FAVORITE,1,0
2025-11-16,Washington,Brooklyn,2.5,-111,103,0.5260663507109005,0.4926108374384236,0.0,0.7247940275650999,0.2752059724349,0.5956210376098703,0.4165191346871904,0.06955468689896982,-0.07609170275123323,0.06955468689896982,FAVORITE,1,0
2025-11-16,Houston,Orlando,7.5,-107,-103,0.5169082125603864,0.5073891625615764,0.0,0.692493265329667,0.30750673467033285,0.5783629810296347,0.4374303127996412,0.061454768469248244,-0.06995884976193523,0.061454768469248244,FAVORITE,1,0
2025-11-16,Golden State,New Orleans,10.5,-110,-110,0.5238095238095238,0.5238095238095238,1.0,0.5341828742971049,0.465817125702895,0.5274401964801771,0.5035121844722037,0.003630672670653312,-0.02029733933732014,0.003630672670653312,FAVORITE,1,1
2025-11-16,Portland,Dallas,4.5,107,-109,0.4830917874396135,0.5215311004784688,0.0,0.4413825956990829,0.5586174043009171,0.4684935703304278,0.5345113068163257,-0.014598217109185685,0.012980206337856903,0.012980206337856903,UNDERDOG,0,1
2025-11-16,Atlanta,Phoenix,1.5,100,-106,0.5,0.5145631067961165,1.0,0.2769281181876815,0.7230718818123184,0.42192484136568853,0.5875411780517872,-0.07807515863431147,0.07297807125567068,0.07297807125567068,UNDERDOG,0,0
2025-11-16,Chicago,Utah,4.5,-110,-110,0.5238095238095238,0.5238095238095238,0.0,0.43995684849396177,0.5600431515060382,0.49446108744907713,0.5364912935033038,-0.029348436360446706,0.012681769693779987,0.012681769693779987,UNDERDOG,0,1
2025-11-17,Cleveland,Milwaukee,7.5,102,-104,0.495049504950495,0.5098039215686274,1.0,0.5274574581885905,0.4725425418114094,0.5063922885838283,0.49676243865360115,0.011342783633333353,-0.01304148291502627,0.011342783633333353,FAVORITE,1,1
2025-11-17,Detroit,Indiana,11.5,103,-114,0.4926108374384236,0.5327102803738317,1.0,0.5239902665628564,0.47600973343714365,0.5035936376319751,0.5128650889459909,0.010982800193551467,-0.019845191427840803,0.010982800193551467,FAVORITE,1,1
2025-11-17,Miami,New York,1.5,-110,-110,0.5238095238095238,0.5238095238095238,1.0,0.7352034117151165,0.2647965882848835,0.5977973845764812,0.4331549963758997,0.0739878607669574,-0.09065452743362412,0.0739878607669574,FAVORITE,1,1
2025-11-17,Toronto,Charlotte,8.5,-107,102,0.5169082125603864,0.495049504950495,0.0,0.41154854261433493,0.5884514573856651,0.48003232807926843,0.5277401883028046,-0.036875884481118004,0.03269068335230957,0.03269068335230957,UNDERDOG,0,1
2025-11-17,Minnesota,Dallas,14.5,105,-111,0.4878048780487805,0.5260663507109005,1.0,0.5863978685561161,0.4136021314438839,0.522312424726348,0.48670387396744463,0.0345075466775675,-0.03936247674345583,0.0345075466775675,FAVORITE,1,1
2025-11-17,Okla City,New Orleans,17.5,-110,-110,0.5238095238095238,0.5238095238095238,0.0,0.5284555645802891,0.4715444354197108,0.5254356380792917,0.5055167428730892,0.0016261142697678865,-0.018292780936434605,0.0016261142697678865,FAVORITE,1,0
2025-11-17,Denver,Chicago,14.5,102,-104,0.495049504950495,0.5098039215686274,0.0,0.4116889792109963,0.5883110207890037,0.46587332094167044,0.5372814062957592,-0.029176184008824546,0.02747748472713174,0.02747748472713174,UNDERDOG,0,1
2025-11-18,Golden State,Orlando,3.5,108,-112,0.4807692307692308,0.5283018867924528,0.0,0.39150896115112716,0.6084910388488728,0.44952813640289446,0.5563680900121999,-0.03124109436633632,0.028066203219747066,0.028066203219747066,UNDERDOG,0,1
2025-11-18,Boston,Brooklyn,10.5,-110,105,0.5238095238095238,0.4878048780487805,1.0,0.6385969965704261,0.3614030034295739,0.5639851392758396,0.44356422193205813,0.04017561546631576,-0.04424065611672234,0.04017561546631576,FAVORITE,1,1
2025-11-18,Detroit,Atlanta,1.5,110,-115,0.4761904761904761,0.5348837209302325,1.0,0.3287653033913116,0.6712346966086884,0.42459166571076856,0.582606562417692,-0.051598810479707546,0.04772284148745953,0.04772284148745953,UNDERDOG,0,0
2025-11-18,San Antonio,Memphis,6.5,105,-109,0.4878048780487805,0.5215311004784688,0.0,0.36202199540571484,0.6379780045942852,0.4437808691237075,0.5622875169190046,-0.044024008925072966,0.04075641644053574,0.04075641644053574,UNDERDOG,0,1
2025-11-18,La Lakers,Utah,12.5,-110,-110,0.5238095238095238,0.5238095238095238,1.0,0.7134684564367746,0.2865315435632254,0.5901901502290616,0.4407622307233194,0.06638062641953779,-0.08304729308620445,0.06638062641953779,FAVORITE,1,1
2025-11-18,Portland,Phoenix,2.5,101,-106,0.4975124378109453,0.5145631067961165,0.0,0.7150472594763224,0.2849527405236776,0.5736496253938272,0.43419947860076286,0.07613718758288196,-0.08036362819535364,0.07613718758288196,FAVORITE,1,0
