date,favorite,underdog,spread,model_name,model_type,probability,predicted_cover,actual_cover,correct,week
2025-10-22,Cleveland,New York,1.5,logistic,Away Favorite,0.5,0.0,0,True,43
2025-10-22,Charlotte,Brooklyn,5.5,logistic,Home Favorite,0.4818346592715066,0.0,1,False,43
2025-10-22,Orlando,Miami,8.5,logistic,Home Favorite,0.4818346592715066,0.0,0,True,43
2025-10-22,Atlanta,Toronto,5.5,logistic,Home Favorite,0.4818346592715066,0.0,0,True,43
2025-10-22,Boston,Philadelphia,4.5,logistic,Home Favorite,0.4818346592715066,0.0,0,True,43
2025-10-22,Detroit,Chicago,2.5,logistic,Away Favorite,0.5,0.0,0,True,43
2025-10-22,Memphis,New Orleans,3.5,logistic,Home Favorite,0.4818346592715066,0.0,1,False,43
2025-10-22,Milwaukee,Washington,10.5,logistic,Home Favorite,0.4818346592715066,0.0,1,False,43
2025-10-22,La Clippers,Utah,9.5,logistic,Away Favorite,0.5,0.0,0,True,43
2025-10-22,Dallas,San Antonio,2.5,logistic,Home Favorite,0.4818346592715066,0.0,0,True,43
2025-10-22,Phoenix,Sacramento,4.5,logistic,Home Favorite,0.4818346592715066,0.0,0,True,43
2025-10-22,Minnesota,Portland,4.5,logistic,Away Favorite,0.5,0.0,0,True,43
2025-10-23,Okla City,Indiana,8.5,logistic,Away Favorite,0.48878492565833875,0.0,0,True,43
2025-10-23,Golden State,Denver,2.5,logistic,Home Favorite,0.5087316819378226,1.0,1,True,43
2025-10-24,Toronto,Milwaukee,1.5,logistic,Home Favorite,0.7593462242518005,1.0,0,False,43
2025-10-24,Orlando,Atlanta,4.5,logistic,Home Favorite,0.5350513539213926,1.0,0,False,43
2025-10-24,Cleveland,Brooklyn,11.5,logistic,Away Favorite,0.46405108915658416,0.0,0,True,43
2025-10-24,New York,Boston,3.5,logistic,Home Favorite,0.5953873631716977,1.0,1,True,43
2025-10-24,Houston,Detroit,6.5,logistic,Home Favorite,0.6468446252096388,1.0,0,False,43
2025-10-24,Memphis,Miami,2.5,logistic,Home Favorite,0.39287701547574455,0.0,0,True,43
2025-10-24,San Antonio,New Orleans,4.5,logistic,Away Favorite,0.44587961104747276,0.0,0,True,43
2025-10-24,Dallas,Washington,9.5,logistic,Home Favorite,0.4192664308258161,0.0,0,True,43
2025-10-24,Minnesota,La Lakers,2.5,logistic,Away Favorite,0.3586630311083553,0.0,0,True,43
2025-10-24,Golden State,Portland,2.5,logistic,Away Favorite,0.37934492160535344,0.0,0,True,43
2025-10-24,Sacramento,Utah,5.5,logistic,Home Favorite,0.5153044305083079,1.0,0,False,43
2025-10-24,La Clippers,Phoenix,9.5,logistic,Home Favorite,0.2082282358196417,0.0,1,False,43
2025-10-25,Orlando,Chicago,6.5,logistic,Home Favorite,0.36923904802490365,0.0,1,False,43
2025-10-25,Okla City,Atlanta,6.5,logistic,Away Favorite,0.3563964340059576,0.0,1,False,43
2025-10-25,Philadelphia,Charlotte,4.5,logistic,Home Favorite,0.37187694290867956,0.0,0,True,43
2025-10-25,Memphis,Indiana,1.5,logistic,Home Favorite,0.3689995973715287,0.0,1,False,43
2025-10-25,Denver,Phoenix,13.5,logistic,Home Favorite,0.5496209308197968,1.0,1,True,43
2025-10-26,San Antonio,Brooklyn,10.5,logistic,Away Favorite,0.3930002190721562,0.0,0,True,43
2025-10-26,Detroit,Boston,3.5,logistic,Home Favorite,0.37446361722642363,0.0,1,False,43
2025-10-26,Cleveland,Milwaukee,6.5,logistic,Home Favorite,0.6797867440048246,1.0,0,False,43
2025-10-26,New York,Miami,2.5,logistic,Away Favorite,0.6800184378059969,1.0,0,False,43
2025-10-26,Washington,Charlotte,2.5,logistic,Home Favorite,0.5897580146208788,1.0,0,False,43
2025-10-26,Minnesota,Indiana,12.5,logistic,Home Favorite,0.44086217445739795,0.0,0,True,43
2025-10-26,Dallas,Toronto,1.5,logistic,Home Favorite,0.3678322055694222,0.0,1,False,43
2025-10-26,La Clippers,Portland,8.5,logistic,Home Favorite,0.6675913285621079,1.0,0,False,43
2025-10-26,La Lakers,Sacramento,2.5,logistic,Away Favorite,0.32001254313594274,0.0,1,False,43
2025-10-27,Cleveland,Detroit,2.5,logistic,Away Favorite,0.5781036625027148,1.0,1,True,44
2025-10-27,Orlando,Philadelphia,5.5,logistic,Away Favorite,0.47515412352614206,0.0,0,True,44
2025-10-27,Atlanta,Chicago,2.5,logistic,Away Favorite,0.34200829284170353,0.0,0,True,44
2025-10-27,Houston,Brooklyn,15.5,logistic,Home Favorite,0.7571739301857315,1.0,1,True,44
2025-10-27,New Orleans,Boston,1.5,logistic,Home Favorite,0.5488444887301188,1.0,0,False,44
2025-10-27,San Antonio,Toronto,4.5,logistic,Away Favorite,0.3218883983812056,0.0,0,True,44
2025-10-27,Okla City,Dallas,8.5,logistic,Away Favorite,0.6044457516633203,1.0,0,False,44
2025-10-27,Utah,Phoenix,1.5,logistic,Home Favorite,0.7246723985820944,1.0,1,True,44
2025-10-27,Denver,Minnesota,6.5,logistic,Away Favorite,0.5346390557792308,1.0,1,True,44
2025-10-27,Golden State,Memphis,7.5,logistic,Away Favorite,0.3497725240067087,0.0,0,True,44
2025-10-27,Portland,La Lakers,2.5,logistic,Away Favorite,0.7146861912302016,1.0,1,True,44
2025-10-28,Philadelphia,Washington,4.5,logistic,Away Favorite,0.5723981849258993,1.0,1,True,44
2025-10-28,Miami,Charlotte,6.5,logistic,Home Favorite,0.8444250702552878,1.0,1,True,44
2025-10-28,New York,Milwaukee,1.5,logistic,Away Favorite,0.5731430128801549,1.0,0,False,44
2025-10-28,Okla City,Sacramento,10.5,logistic,Home Favorite,0.4683847189896408,0.0,0,True,44
2025-10-28,La Clippers,Golden State,1.5,logistic,Away Favorite,0.5092552579898886,1.0,0,False,44
2025-10-29,Houston,Toronto,5.5,logistic,Away Favorite,0.28730874410018137,0.0,1,False,44
2025-10-29,Cleveland,Boston,3.5,logistic,Away Favorite,0.48446690574901435,0.0,0,True,44
2025-10-29,Orlando,Detroit,1.5,logistic,Away Favorite,0.80714915829129,1.0,0,False,44
2025-10-29,Atlanta,Brooklyn,8.5,logistic,Away Favorite,0.30753991484152515,0.0,0,True,44
2025-10-29,Chicago,Sacramento,4.5,logistic,Home Favorite,0.3270754485673634,0.0,1,False,44
2025-10-29,Dallas,Indiana,5.5,logistic,Home Favorite,0.4504407958527668,0.0,0,True,44
2025-10-29,Denver,New Orleans,12.5,logistic,Home Favorite,0.6772658785142587,1.0,1,True,44
2025-10-29,Portland,Utah,3.5,logistic,Away Favorite,0.6473558449901119,1.0,0,False,44
2025-10-29,Minnesota,La Lakers,7.5,logistic,Home Favorite,0.34825856456780213,0.0,0,True,44
2025-10-29,Memphis,Phoenix,1.5,logistic,Away Favorite,0.4539820068109847,0.0,0,True,44
2025-10-30,Orlando,Charlotte,1.5,logistic,Away Favorite,0.5850617098536243,1.0,1,True,44
2025-10-30,Golden State,Milwaukee,3.5,logistic,Away Favorite,0.29912473558051134,0.0,0,True,44
2025-10-30,Okla City,Washington,15.5,logistic,Away Favorite,0.446949654226545,0.0,0,True,44
2025-10-30,San Antonio,Miami,5.5,logistic,Away Favorite,0.22139099550831773,0.0,0,True,44
2025-10-31,Atlanta,Indiana,2.5,logistic,Away Favorite,0.37546438203096305,0.0,1,False,44
2025-10-31,Boston,Philadelphia,1.5,logistic,Away Favorite,0.5073803282591188,1.0,0,False,44
2025-10-31,Cleveland,Toronto,4.5,logistic,Home Favorite,0.660245628738364,1.0,0,False,44
2025-10-31,New York,Chicago,5.5,logistic,Away Favorite,0.578823553319279,1.0,0,False,44
2025-10-31,Memphis,La Lakers,2.5,logistic,Away Favorite,0.41466956481024936,0.0,1,False,44
2025-10-31,Phoenix,Utah,3.5,logistic,Home Favorite,0.5288361178153695,1.0,1,True,44
2025-10-31,Denver,Portland,5.5,logistic,Away Favorite,0.3394715385917197,0.0,0,True,44
2025-10-31,La Clippers,New Orleans,10.5,logistic,Home Favorite,0.7518618281883583,1.0,0,False,44
2025-11-01,Orlando,Washington,9.5,logistic,Away Favorite,0.7350221370922224,1.0,1,True,44
2025-11-01,Minnesota,Charlotte,4.5,logistic,Away Favorite,0.509975953454262,1.0,1,True,44
2025-11-01,Golden State,Indiana,11.5,logistic,Away Favorite,0.36405014228281357,0.0,0,True,44
2025-11-01,Houston,Boston,5.5,logistic,Away Favorite,0.5668016287598414,1.0,1,True,44
2025-11-01,Milwaukee,Sacramento,7.5,logistic,Home Favorite,0.6723133103053345,1.0,0,False,44
2025-11-01,Detroit,Dallas,7.5,logistic,Home Favorite,0.4321753662643495,0.0,1,False,44
2025-11-02,Okla City,New Orleans,13.5,logistic,Home Favorite,0.5406683504744327,1.0,1,True,44
2025-11-02,Philadelphia,Brooklyn,5.5,logistic,Away Favorite,0.6991142615155731,1.0,1,True,44
2025-11-02,Charlotte,Utah,1.5,logistic,Home Favorite,0.6455286884056539,1.0,1,True,44
2025-11-02,Cleveland,Atlanta,6.5,logistic,Home Favorite,0.432126311538067,0.0,1,False,44
2025-11-02,Toronto,Memphis,4.5,logistic,Home Favorite,0.50944024177405,1.0,1,True,44
2025-11-02,New York,Chicago,7.5,logistic,Home Favorite,0.6213883435773333,1.0,1,True,44
2025-11-02,San Antonio,Phoenix,5.5,logistic,Away Favorite,0.21094821275660938,0.0,0,True,44
2025-11-02,La Lakers,Miami,4.5,logistic,Away Favorite,0.2626432746618854,0.0,0,True,44
2025-11-03,Minnesota,Brooklyn,8.5,logistic,Away Favorite,0.5520266763154533,1.0,1,True,45
2025-11-03,Milwaukee,Indiana,6.5,logistic,Away Favorite,0.32862007069814186,0.0,0,True,45
2025-11-03,Boston,Utah,10.5,logistic,Home Favorite,0.4311371601247217,0.0,0,True,45
2025-11-03,New York,Washington,12.5,logistic,Home Favorite,0.4256667195079304,0.0,1,False,45
2025-11-03,Houston,Dallas,12.5,logistic,Home Favorite,0.5623664045503163,1.0,0,False,45
2025-11-03,Detroit,Memphis,4.5,logistic,Away Favorite,0.41293528390881307,0.0,1,False,45
2025-11-03,Denver,Sacramento,11.5,logistic,Home Favorite,0.7336886590470152,1.0,0,False,45
2025-11-03,Portland,La Lakers,3.5,logistic,Home Favorite,0.4942199169029999,0.0,0,True,45
2025-11-04,Toronto,Milwaukee,3.5,logistic,Home Favorite,0.48893541937161433,0.0,1,False,45
2025-11-04,Orlando,Atlanta,3.5,logistic,Away Favorite,0.7711486879230497,1.0,0,False,45
2025-11-04,Chicago,Philadelphia,1.5,logistic,Home Favorite,0.42458534199786785,0.0,1,False,45
2025-11-04,New Orleans,Charlotte,2.5,logistic,Home Favorite,0.40426406140734883,0.0,1,False,45
2025-11-04,Golden State,Phoenix,10.5,logistic,Away Favorite,0.29222619408929645,0.0,0,True,45
2025-11-04,Okla City,La Clippers,7.5,logistic,Away Favorite,0.47322035078265723,0.0,1,False,45
2025-11-05,Cleveland,Philadelphia,9.5,logistic,Home Favorite,0.3355808539668335,0.0,1,False,45
2025-11-05,Detroit,Utah,9.5,logistic,Home Favorite,0.3221187575422249,0.0,1,False,45
2025-11-05,Indiana,Brooklyn,6.5,logistic,Home Favorite,0.5666860939237671,1.0,0,False,45
2025-11-05,Boston,Washington,12.5,logistic,Home Favorite,0.40503386874373765,0.0,1,False,45
2025-11-05,New York,Minnesota,4.5,logistic,Home Favorite,0.4642115558367224,0.0,1,False,45
2025-11-05,Houston,Memphis,7.5,logistic,Away Favorite,0.6978972075963374,1.0,1,True,45
2025-11-05,Dallas,New Orleans,7.5,logistic,Home Favorite,0.5428201207757142,1.0,0,False,45
2025-11-05,Denver,Miami,9.5,logistic,Home Favorite,0.640218949746748,1.0,1,True,45
2025-11-05,La Lakers,San Antonio,2.5,logistic,Away Favorite,0.3015441487542832,0.0,0,True,45
2025-11-05,Okla City,Portland,4.5,logistic,Away Favorite,0.4978278995204927,0.0,0,True,45
2025-11-05,Sacramento,Golden State,2.5,logistic,Home Favorite,0.4000887667338438,0.0,1,False,45
2025-11-06,Phoenix,La Clippers,2.5,logistic,Away Favorite,0.455812902768413,0.0,0,True,45
2025-11-07,Orlando,Boston,3.5,logistic,Home Favorite,0.4192638587290397,0.0,1,False,45
2025-11-07,Cleveland,Washington,13.5,logistic,Away Favorite,0.38277181973970326,0.0,1,False,45
2025-11-07,Atlanta,Toronto,2.5,logistic,Home Favorite,0.4671570464740449,0.0,0,True,45
2025-11-07,Detroit,Brooklyn,10.5,logistic,Away Favorite,0.4332083093304417,0.0,1,False,45
2025-11-07,Houston,San Antonio,4.5,logistic,Away Favorite,0.6359448888724805,1.0,0,False,45
2025-11-07,Miami,Charlotte,4.5,logistic,Home Favorite,0.6749792345909836,1.0,1,True,45
2025-11-07,Memphis,Dallas,4.5,logistic,Home Favorite,0.41469113654793316,0.0,1,False,45
2025-11-07,Milwaukee,Chicago,4.5,logistic,Home Favorite,0.5412234724683096,1.0,1,True,45
2025-11-07,Minnesota,Utah,11.5,logistic,Home Favorite,0.36907795342962985,0.0,1,False,45
2025-11-07,Denver,Golden State,10.5,logistic,Home Favorite,0.6545953548593576,1.0,1,True,45
2025-11-07,Okla City,Sacramento,10.5,logistic,Away Favorite,0.7291865879626941,1.0,1,True,45
2025-11-08,Dallas,Washington,4.5,logistic,Away Favorite,0.4276018712045622,0.0,1,False,45
2025-11-08,Philadelphia,Toronto,5.5,logistic,Home Favorite,0.47174452623441787,0.0,1,False,45
2025-11-08,La Lakers,Atlanta,3.5,logistic,Away Favorite,0.30704810807176663,0.0,0,True,45
2025-11-08,Cleveland,Chicago,8.5,logistic,Home Favorite,0.5431560733753116,1.0,0,False,45
2025-11-08,Portland,Miami,3.5,logistic,Away Favorite,0.34798624330406625,0.0,0,True,45
2025-11-08,San Antonio,New Orleans,10.5,logistic,Home Favorite,0.5745854177496034,1.0,0,False,45
2025-11-08,Denver,Indiana,12.5,logistic,Home Favorite,0.5331602370784873,1.0,1,True,45
2025-11-08,La Clippers,Phoenix,5.5,logistic,Away Favorite,0.3597588387293118,0.0,1,False,45
2025-11-09,Houston,Milwaukee,4.5,logistic,Away Favorite,0.5037529306189907,1.0,1,True,45
2025-11-09,New York,Brooklyn,15.5,logistic,Home Favorite,0.6188018961043493,1.0,1,True,45
2025-11-09,Orlando,Boston,3.5,logistic,Home Favorite,0.420177754214423,0.0,0,True,45
2025-11-09,Okla City,Memphis,10.5,logistic,Away Favorite,0.592219823721364,1.0,1,True,45
2025-11-09,Detroit,Philadelphia,4.5,logistic,Away Favorite,0.4433619097741483,0.0,0,True,45
2025-11-09,Golden State,Indiana,12.5,logistic,Away Favorite,0.4300951676981842,0.0,0,True,45
2025-11-09,Minnesota,Sacramento,5.5,logistic,Away Favorite,0.5052092555359653,1.0,1,True,45
2025-11-10,La Lakers,Charlotte,8.5,logistic,Away Favorite,0.5603181899529789,1.0,1,True,46
2025-11-10,Detroit,Washington,11.5,logistic,Home Favorite,0.4572981862008756,0.0,0,True,46
2025-11-10,Orlando,Portland,2.5,logistic,Home Favorite,0.5384410944208164,1.0,1,True,46
2025-11-10,Cleveland,Miami,7.5,logistic,Away Favorite,0.341981898321287,0.0,0,True,46
2025-11-10,San Antonio,Chicago,4.5,logistic,Away Favorite,0.3432840369502866,0.0,0,True,46
2025-11-10,Milwaukee,Dallas,2.5,logistic,Away Favorite,0.2366722717021605,0.0,0,True,46
2025-11-10,Phoenix,New Orleans,9.5,logistic,Home Favorite,0.531624606144346,1.0,1,True,46
2025-11-10,Minnesota,Utah,7.5,logistic,Away Favorite,0.48540881978137934,0.0,0,True,46
2025-11-11,Toronto,Brooklyn,10.5,logistic,Away Favorite,0.6770012762218426,1.0,0,False,46
2025-11-11,New York,Memphis,9.5,logistic,Home Favorite,0.49201650274571573,0.0,1,False,46
2025-11-11,Philadelphia,Boston,1.5,logistic,Home Favorite,0.5192164481451963,1.0,1,True,46
2025-11-11,Okla City,Golden State,7.5,logistic,Away Favorite,0.5256499420089836,1.0,0,False,46
2025-11-11,Indiana,Utah,2.5,logistic,Away Favorite,0.3438413007888014,0.0,0,True,46
2025-11-11,Denver,Sacramento,8.5,logistic,Away Favorite,0.5496681720365346,1.0,1,True,46
2025-11-12,Milwaukee,Charlotte,4.5,logistic,Away Favorite,0.6042915366491887,1.0,0,False,46
2025-11-12,Detroit,Chicago,1.5,logistic,Away Favorite,0.5834974829853569,1.0,0,False,46
2025-11-12,New York,Orlando,4.5,logistic,Home Favorite,0.46995092872393335,0.0,0,True,46
2025-11-12,Boston,Memphis,6.5,logistic,Home Favorite,0.5363238507679013,1.0,1,True,46
2025-11-12,Miami,Cleveland,5.5,logistic,Home Favorite,0.5984376072117517,1.0,0,False,46
2025-11-12,Houston,Washington,16.5,logistic,Home Favorite,0.7421996987345647,1.0,1,True,46
2025-11-12,Portland,New Orleans,8.5,logistic,Away Favorite,0.6022375448586441,1.0,0,False,46
2025-11-12,San Antonio,Golden State,4.5,logistic,Away Favorite,0.43040018361507015,0.0,1,False,46
2025-11-12,Dallas,Phoenix,1.5,logistic,Away Favorite,0.3881117198219381,0.0,1,False,46
2025-11-12,Okla City,La Lakers,6.5,logistic,Away Favorite,0.4720765262379396,0.0,0,True,46
2025-11-12,Atlanta,Sacramento,3.5,logistic,Away Favorite,0.5984751040009672,1.0,1,True,46
2025-11-12,Denver,La Clippers,3.5,logistic,Away Favorite,0.3796440410153646,0.0,1,False,46
2025-11-14,New York,Miami,6.5,logistic,Home Favorite,0.6198779819191205,1.0,1,True,46
2025-11-14,Orlando,Brooklyn,13.5,logistic,Home Favorite,0.5677195703187415,1.0,0,False,46
2025-11-14,Detroit,Philadelphia,4.5,logistic,Home Favorite,0.4778336762975614,0.0,1,False,46
2025-11-14,Houston,Portland,7.5,logistic,Home Favorite,0.7009777874379963,1.0,1,True,46
2025-11-14,Milwaukee,Charlotte,9.5,logistic,Home Favorite,0.4444515435172093,0.0,1,False,46
2025-11-14,Minnesota,Sacramento,11.5,logistic,Home Favorite,0.5054513095719967,1.0,1,True,46
2025-11-14,La Lakers,New Orleans,9.5,logistic,Away Favorite,0.4344149278412126,0.0,1,False,46
2025-11-14,La Clippers,Dallas,2.5,logistic,Away Favorite,0.43255179906875685,0.0,1,False,46
2025-11-14,San Antonio,Golden State,2.5,logistic,Away Favorite,0.2787768637359383,0.0,0,True,46
2025-11-15,Cleveland,Memphis,11.5,logistic,Home Favorite,0.510039454220731,1.0,0,False,46
2025-11-15,Okla City,Charlotte,15.5,logistic,Away Favorite,0.44535698646319916,0.0,0,True,46
2025-11-15,Toronto,Indiana,6.5,logistic,Away Favorite,0.616100234137145,1.0,1,True,46
2025-11-15,La Lakers,Milwaukee,1.5,logistic,Away Favorite,0.550817023068793,1.0,1,True,46
2025-11-15,Minnesota,Denver,2.5,logistic,Home Favorite,0.44825918799056275,0.0,0,True,46
2025-11-16,San Antonio,Sacramento,8.5,logistic,Away Favorite,0.5973803549523378,1.0,0,False,46
2025-11-16,Washington,Brooklyn,2.5,logistic,Home Favorite,0.6579519665216671,1.0,0,False,46
2025-11-16,Houston,Orlando,7.5,logistic,Home Favorite,0.5893372591265211,1.0,0,False,46
2025-11-16,Golden State,New Orleans,10.5,logistic,Away Favorite,0.5533014937291382,1.0,1,True,46
2025-11-16,Portland,Dallas,4.5,logistic,Away Favorite,0.5156830533365754,1.0,0,False,46
2025-11-16,Atlanta,Phoenix,1.5,logistic,Away Favorite,0.3137901931573007,0.0,1,False,46
2025-11-16,Chicago,Utah,4.5,logistic,Away Favorite,0.635636473215637,1.0,0,False,46
2025-10-22,Cleveland,New York,1.5,linear,Away Favorite,0.49526066350710896,0.0,0,True,43
2025-10-22,Charlotte,Brooklyn,5.5,linear,Home Favorite,0.46491228070175444,0.0,1,False,43
2025-10-22,Orlando,Miami,8.5,linear,Home Favorite,0.46491228070175444,0.0,0,True,43
2025-10-22,Atlanta,Toronto,5.5,linear,Home Favorite,0.46491228070175444,0.0,0,True,43
2025-10-22,Boston,Philadelphia,4.5,linear,Home Favorite,0.46491228070175444,0.0,0,True,43
2025-10-22,Detroit,Chicago,2.5,linear,Away Favorite,0.49526066350710896,0.0,0,True,43
2025-10-22,Memphis,New Orleans,3.5,linear,Home Favorite,0.46491228070175444,0.0,1,False,43
2025-10-22,Milwaukee,Washington,10.5,linear,Home Favorite,0.46491228070175444,0.0,1,False,43
2025-10-22,La Clippers,Utah,9.5,linear,Away Favorite,0.49526066350710896,0.0,0,True,43
2025-10-22,Dallas,San Antonio,2.5,linear,Home Favorite,0.46491228070175444,0.0,0,True,43
2025-10-22,Phoenix,Sacramento,4.5,linear,Home Favorite,0.46491228070175444,0.0,0,True,43
2025-10-22,Minnesota,Portland,4.5,linear,Away Favorite,0.49526066350710896,0.0,0,True,43
2025-10-23,Okla City,Indiana,8.5,linear,Away Favorite,0.2899520420761764,0.0,0,True,43
2025-10-23,Golden State,Denver,2.5,linear,Home Favorite,0.6216512688859469,1.0,1,True,43
2025-10-24,Toronto,Milwaukee,1.5,linear,Home Favorite,0.8921452751610448,1.0,0,False,43
2025-10-24,Orlando,Atlanta,4.5,linear,Home Favorite,0.7660537074679121,1.0,0,False,43
2025-10-24,Cleveland,Brooklyn,11.5,linear,Away Favorite,0.5640959181996913,1.0,0,False,43
2025-10-24,New York,Boston,3.5,linear,Home Favorite,0.6536759259194659,1.0,1,True,43
2025-10-24,Houston,Detroit,6.5,linear,Home Favorite,0.8468349790712821,1.0,0,False,43
2025-10-24,Memphis,Miami,2.5,linear,Home Favorite,0.31602429047402925,0.0,0,True,43
2025-10-24,San Antonio,New Orleans,4.5,linear,Away Favorite,0.1772702308177166,0.0,0,True,43
2025-10-24,Dallas,Washington,9.5,linear,Home Favorite,0.22059714084684356,0.0,0,True,43
2025-10-24,Minnesota,La Lakers,2.5,linear,Away Favorite,0.19072289726711567,0.0,0,True,43
2025-10-24,Golden State,Portland,2.5,linear,Away Favorite,0.07350849922990088,0.0,0,True,43
2025-10-24,Sacramento,Utah,5.5,linear,Home Favorite,0.42505523042366783,0.0,0,True,43
2025-10-24,La Clippers,Phoenix,9.5,linear,Home Favorite,0.0,0.0,1,False,43
2025-10-25,Orlando,Chicago,6.5,linear,Home Favorite,0.3471867260443774,0.0,1,False,43
2025-10-25,Okla City,Atlanta,6.5,linear,Away Favorite,0.09017200790845531,0.0,1,False,43
2025-10-25,Philadelphia,Charlotte,4.5,linear,Home Favorite,0.215804519414232,0.0,0,True,43
2025-10-25,Memphis,Indiana,1.5,linear,Home Favorite,0.2662267493115773,0.0,1,False,43
2025-10-25,Denver,Phoenix,13.5,linear,Home Favorite,0.6337418061443535,1.0,1,True,43
2025-10-26,San Antonio,Brooklyn,10.5,linear,Away Favorite,0.20971894110909156,0.0,0,True,43
2025-10-26,Detroit,Boston,3.5,linear,Home Favorite,0.16413343078426057,0.0,1,False,43
2025-10-26,Cleveland,Milwaukee,6.5,linear,Home Favorite,0.9020800269419703,1.0,0,False,43
2025-10-26,New York,Miami,2.5,linear,Away Favorite,0.909347720315951,1.0,0,False,43
2025-10-26,Washington,Charlotte,2.5,linear,Home Favorite,0.5892219875980793,1.0,0,False,43
2025-10-26,Minnesota,Indiana,12.5,linear,Home Favorite,0.48652646381993975,0.0,0,True,43
2025-10-26,Dallas,Toronto,1.5,linear,Home Favorite,0.2109989399605806,0.0,1,False,43
2025-10-26,La Clippers,Portland,8.5,linear,Home Favorite,0.7684432644404241,1.0,0,False,43
2025-10-26,La Lakers,Sacramento,2.5,linear,Away Favorite,0.24970128157742782,0.0,1,False,43
2025-10-27,Cleveland,Detroit,2.5,linear,Away Favorite,0.8126577042092262,1.0,1,True,44
2025-10-27,Orlando,Philadelphia,5.5,linear,Away Favorite,0.4720962839110013,0.0,0,True,44
2025-10-27,Atlanta,Chicago,2.5,linear,Away Favorite,0.0,0.0,0,True,44
2025-10-27,Houston,Brooklyn,15.5,linear,Home Favorite,0.9331602902547147,1.0,1,True,44
2025-10-27,New Orleans,Boston,1.5,linear,Home Favorite,0.5943559623495377,1.0,0,False,44
2025-10-27,San Antonio,Toronto,4.5,linear,Away Favorite,0.21435137892230294,0.0,0,True,44
2025-10-27,Okla City,Dallas,8.5,linear,Away Favorite,0.7006329311196107,1.0,0,False,44
2025-10-27,Utah,Phoenix,1.5,linear,Home Favorite,0.9140750951888441,1.0,1,True,44
2025-10-27,Denver,Minnesota,6.5,linear,Away Favorite,0.8787770728270493,1.0,1,True,44
2025-10-27,Golden State,Memphis,7.5,linear,Away Favorite,0.30617754777009765,0.0,0,True,44
2025-10-27,Portland,La Lakers,2.5,linear,Away Favorite,0.7705498288440891,1.0,1,True,44
2025-10-28,Philadelphia,Washington,4.5,linear,Away Favorite,0.6728405231544918,1.0,1,True,44
2025-10-28,Miami,Charlotte,6.5,linear,Home Favorite,1.0,1.0,1,True,44
2025-10-28,New York,Milwaukee,1.5,linear,Away Favorite,0.6374947790472661,1.0,0,False,44
2025-10-28,Okla City,Sacramento,10.5,linear,Home Favorite,0.4615556524054242,0.0,0,True,44
2025-10-28,La Clippers,Golden State,1.5,linear,Away Favorite,0.7757019906098301,1.0,0,False,44
2025-10-29,Houston,Toronto,5.5,linear,Away Favorite,0.2646381007741939,0.0,1,False,44
2025-10-29,Cleveland,Boston,3.5,linear,Away Favorite,0.5056700133226018,1.0,0,False,44
2025-10-29,Orlando,Detroit,1.5,linear,Away Favorite,1.0,1.0,0,False,44
2025-10-29,Atlanta,Brooklyn,8.5,linear,Away Favorite,0.2037637330149309,0.0,0,True,44
2025-10-29,Chicago,Sacramento,4.5,linear,Home Favorite,0.26073668810604544,0.0,1,False,44
2025-10-29,Dallas,Indiana,5.5,linear,Home Favorite,0.3869106465228063,0.0,0,True,44
2025-10-29,Denver,New Orleans,12.5,linear,Home Favorite,0.8659785188846065,1.0,1,True,44
2025-10-29,Portland,Utah,3.5,linear,Away Favorite,0.7359686184361227,1.0,0,False,44
2025-10-29,Minnesota,La Lakers,7.5,linear,Home Favorite,0.32540370617910874,0.0,0,True,44
2025-10-29,Memphis,Phoenix,1.5,linear,Away Favorite,0.5015541916815232,1.0,0,False,44
2025-10-30,Orlando,Charlotte,1.5,linear,Away Favorite,0.7572542027216653,1.0,1,True,44
2025-10-30,Golden State,Milwaukee,3.5,linear,Away Favorite,0.3591471953879719,0.0,0,True,44
2025-10-30,Okla City,Washington,15.5,linear,Away Favorite,0.4326198753834344,0.0,0,True,44
2025-10-30,San Antonio,Miami,5.5,linear,Away Favorite,0.0,0.0,0,True,44
2025-10-31,Atlanta,Indiana,2.5,linear,Away Favorite,0.2850433730508327,0.0,1,False,44
2025-10-31,Boston,Philadelphia,1.5,linear,Away Favorite,0.5076567824222996,1.0,0,False,44
2025-10-31,Cleveland,Toronto,4.5,linear,Home Favorite,0.7258949970059154,1.0,0,False,44
2025-10-31,New York,Chicago,5.5,linear,Away Favorite,0.5890140280747717,1.0,0,False,44
2025-10-31,Memphis,La Lakers,2.5,linear,Away Favorite,0.4233774534627997,0.0,1,False,44
2025-10-31,Phoenix,Utah,3.5,linear,Home Favorite,0.33112286069533,0.0,1,False,44
2025-10-31,Denver,Portland,5.5,linear,Away Favorite,0.4196271603390903,0.0,0,True,44
2025-10-31,La Clippers,New Orleans,10.5,linear,Home Favorite,1.0,1.0,0,False,44
2025-11-01,Orlando,Washington,9.5,linear,Away Favorite,0.960385412720809,1.0,1,True,44
2025-11-01,Minnesota,Charlotte,4.5,linear,Away Favorite,0.6446179366411253,1.0,1,True,44
2025-11-01,Golden State,Indiana,11.5,linear,Away Favorite,0.4785880983044552,0.0,0,True,44
2025-11-01,Houston,Boston,5.5,linear,Away Favorite,0.9038502755124344,1.0,1,True,44
2025-11-01,Milwaukee,Sacramento,7.5,linear,Home Favorite,0.7473679939142964,1.0,0,False,44
2025-11-01,Detroit,Dallas,7.5,linear,Home Favorite,0.43084044047641995,0.0,1,False,44
2025-11-02,Okla City,New Orleans,13.5,linear,Home Favorite,0.6479066992277231,1.0,1,True,44
2025-11-02,Philadelphia,Brooklyn,5.5,linear,Away Favorite,0.877092806703685,1.0,1,True,44
2025-11-02,Charlotte,Utah,1.5,linear,Home Favorite,0.5885144806465328,1.0,1,True,44
2025-11-02,Cleveland,Atlanta,6.5,linear,Home Favorite,0.4073930690805857,0.0,1,False,44
2025-11-02,Toronto,Memphis,4.5,linear,Home Favorite,0.47716913198653627,0.0,1,False,44
2025-11-02,New York,Chicago,7.5,linear,Home Favorite,0.9030880066883263,1.0,1,True,44
2025-11-02,San Antonio,Phoenix,5.5,linear,Away Favorite,0.0,0.0,0,True,44
2025-11-02,La Lakers,Miami,4.5,linear,Away Favorite,0.035707821173647625,0.0,0,True,44
2025-11-03,Minnesota,Brooklyn,8.5,linear,Away Favorite,0.6108121451616428,1.0,1,True,45
2025-11-03,Milwaukee,Indiana,6.5,linear,Away Favorite,0.2611663224423808,0.0,0,True,45
2025-11-03,Boston,Utah,10.5,linear,Home Favorite,0.3280994634644159,0.0,0,True,45
2025-11-03,New York,Washington,12.5,linear,Home Favorite,0.3950692985625018,0.0,1,False,45
2025-11-03,Houston,Dallas,12.5,linear,Home Favorite,0.515766907300071,1.0,0,False,45
2025-11-03,Detroit,Memphis,4.5,linear,Away Favorite,0.3523022449222968,0.0,1,False,45
2025-11-03,Denver,Sacramento,11.5,linear,Home Favorite,0.8566091441430168,1.0,0,False,45
2025-11-03,Portland,La Lakers,3.5,linear,Home Favorite,0.4393904483130643,0.0,0,True,45
2025-11-04,Toronto,Milwaukee,3.5,linear,Home Favorite,0.41425375805303877,0.0,1,False,45
2025-11-04,Orlando,Atlanta,3.5,linear,Away Favorite,0.9865352792330113,1.0,0,False,45
2025-11-04,Chicago,Philadelphia,1.5,linear,Home Favorite,0.30251438401014513,0.0,1,False,45
2025-11-04,New Orleans,Charlotte,2.5,linear,Home Favorite,0.2587614017425218,0.0,1,False,45
2025-11-04,Golden State,Phoenix,10.5,linear,Away Favorite,0.2832565582218174,0.0,0,True,45
2025-11-04,Okla City,La Clippers,7.5,linear,Away Favorite,0.48874975352516725,0.0,1,False,45
2025-11-05,Cleveland,Philadelphia,9.5,linear,Home Favorite,0.13528302735012104,0.0,1,False,45
2025-11-05,Detroit,Utah,9.5,linear,Home Favorite,0.17605969190631582,0.0,1,False,45
2025-11-05,Indiana,Brooklyn,6.5,linear,Home Favorite,0.6098642098596809,1.0,0,False,45
2025-11-05,Boston,Washington,12.5,linear,Home Favorite,0.32101454387538025,0.0,1,False,45
2025-11-05,New York,Minnesota,4.5,linear,Home Favorite,0.39590668335172674,0.0,1,False,45
2025-11-05,Houston,Memphis,7.5,linear,Away Favorite,0.9257708188576381,1.0,1,True,45
2025-11-05,Dallas,New Orleans,7.5,linear,Home Favorite,0.6535738088002767,1.0,0,False,45
2025-11-05,Denver,Miami,9.5,linear,Home Favorite,0.6825403975364934,1.0,1,True,45
2025-11-05,La Lakers,San Antonio,2.5,linear,Away Favorite,0.1645416455675321,0.0,0,True,45
2025-11-05,Okla City,Portland,4.5,linear,Away Favorite,0.5943296038749744,1.0,0,False,45
2025-11-05,Sacramento,Golden State,2.5,linear,Home Favorite,0.3220878576395909,0.0,1,False,45
2025-11-06,Phoenix,La Clippers,2.5,linear,Away Favorite,0.6110802989268025,1.0,0,False,45
2025-11-07,Orlando,Boston,3.5,linear,Home Favorite,0.24465555831471156,0.0,1,False,45
2025-11-07,Cleveland,Washington,13.5,linear,Away Favorite,0.2752607950427919,0.0,1,False,45
2025-11-07,Atlanta,Toronto,2.5,linear,Home Favorite,0.4536962578055638,0.0,0,True,45
2025-11-07,Detroit,Brooklyn,10.5,linear,Away Favorite,0.4531407003796539,0.0,1,False,45
2025-11-07,Houston,San Antonio,4.5,linear,Away Favorite,0.7422636954739996,1.0,0,False,45
2025-11-07,Miami,Charlotte,4.5,linear,Home Favorite,0.814090607513943,1.0,1,True,45
2025-11-07,Memphis,Dallas,4.5,linear,Home Favorite,0.36043793632532994,0.0,1,False,45
2025-11-07,Milwaukee,Chicago,4.5,linear,Home Favorite,0.6266237596084135,1.0,1,True,45
2025-11-07,Minnesota,Utah,11.5,linear,Home Favorite,0.24560728261220863,0.0,1,False,45
2025-11-07,Denver,Golden State,10.5,linear,Home Favorite,0.812164078259977,1.0,1,True,45
2025-11-07,Okla City,Sacramento,10.5,linear,Away Favorite,0.9129609105104809,1.0,1,True,45
2025-11-08,Dallas,Washington,4.5,linear,Away Favorite,0.39085608982817205,0.0,1,False,45
2025-11-08,Philadelphia,Toronto,5.5,linear,Home Favorite,0.4676770279079091,0.0,1,False,45
2025-11-08,La Lakers,Atlanta,3.5,linear,Away Favorite,0.1621041565913689,0.0,0,True,45
2025-11-08,Cleveland,Chicago,8.5,linear,Home Favorite,0.6786436478976369,1.0,0,False,45
2025-11-08,Portland,Miami,3.5,linear,Away Favorite,0.23678382225917294,0.0,0,True,45
2025-11-08,San Antonio,New Orleans,10.5,linear,Home Favorite,0.6601345755767212,1.0,0,False,45
2025-11-08,Denver,Indiana,12.5,linear,Home Favorite,0.5660018680550205,1.0,1,True,45
2025-11-08,La Clippers,Phoenix,5.5,linear,Away Favorite,0.2746742139180005,0.0,1,False,45
2025-11-09,Houston,Milwaukee,4.5,linear,Away Favorite,0.5200758206389497,1.0,1,True,45
2025-11-09,New York,Brooklyn,15.5,linear,Home Favorite,0.7915907000255117,1.0,1,True,45
2025-11-09,Orlando,Boston,3.5,linear,Home Favorite,0.27951967936541056,0.0,0,True,45
2025-11-09,Okla City,Memphis,10.5,linear,Away Favorite,0.6926254087312373,1.0,1,True,45
2025-11-09,Detroit,Philadelphia,4.5,linear,Away Favorite,0.43999547181366855,0.0,0,True,45
2025-11-09,Golden State,Indiana,12.5,linear,Away Favorite,0.43074304903117255,0.0,0,True,45
2025-11-09,Minnesota,Sacramento,5.5,linear,Away Favorite,0.5456286308093627,1.0,1,True,45
2025-11-10,La Lakers,Charlotte,8.5,linear,Away Favorite,0.529553271545327,1.0,1,True,46
2025-11-10,Detroit,Washington,11.5,linear,Home Favorite,0.47393098845084747,0.0,0,True,46
2025-11-10,Orlando,Portland,2.5,linear,Home Favorite,0.5170404496990528,1.0,1,True,46
2025-11-10,Cleveland,Miami,7.5,linear,Away Favorite,0.20963927543226046,0.0,0,True,46
2025-11-10,San Antonio,Chicago,4.5,linear,Away Favorite,0.21451905800613974,0.0,0,True,46
2025-11-10,Milwaukee,Dallas,2.5,linear,Away Favorite,0.019349768012172364,0.0,0,True,46
2025-11-10,Phoenix,New Orleans,9.5,linear,Home Favorite,0.5003009387552276,1.0,1,True,46
2025-11-10,Minnesota,Utah,7.5,linear,Away Favorite,0.5179021817386678,1.0,0,False,46
2025-11-11,Toronto,Brooklyn,10.5,linear,Away Favorite,0.797237626931043,1.0,0,False,46
2025-11-11,New York,Memphis,9.5,linear,Home Favorite,0.5580527249168015,1.0,1,True,46
2025-11-11,Philadelphia,Boston,1.5,linear,Home Favorite,0.5622382925303737,1.0,1,True,46
2025-11-11,Okla City,Golden State,7.5,linear,Away Favorite,0.546112799870746,1.0,0,False,46
2025-11-11,Indiana,Utah,2.5,linear,Away Favorite,0.163002936550888,0.0,0,True,46
2025-11-11,Denver,Sacramento,8.5,linear,Away Favorite,0.6268846590195901,1.0,1,True,46
2025-11-12,Milwaukee,Charlotte,4.5,linear,Away Favorite,0.6055764030363384,1.0,0,False,46
2025-11-12,Detroit,Chicago,1.5,linear,Away Favorite,0.5596771963428754,1.0,0,False,46
2025-11-12,New York,Orlando,4.5,linear,Home Favorite,0.45127917600942563,0.0,0,True,46
2025-11-12,Boston,Memphis,6.5,linear,Home Favorite,0.49208643773016625,0.0,1,False,46
2025-11-12,Miami,Cleveland,5.5,linear,Home Favorite,0.6727971662893371,1.0,0,False,46
2025-11-12,Houston,Washington,16.5,linear,Home Favorite,0.8976806384678179,1.0,1,True,46
2025-11-12,Portland,New Orleans,8.5,linear,Away Favorite,0.5576802962257741,1.0,0,False,46
2025-11-12,San Antonio,Golden State,4.5,linear,Away Favorite,0.415151915564562,0.0,1,False,46
2025-11-12,Dallas,Phoenix,1.5,linear,Away Favorite,0.252729524262784,0.0,1,False,46
2025-11-12,Okla City,La Lakers,6.5,linear,Away Favorite,0.536279574336642,1.0,0,False,46
2025-11-12,Atlanta,Sacramento,3.5,linear,Away Favorite,0.6559839226208288,1.0,1,True,46
2025-11-12,Denver,La Clippers,3.5,linear,Away Favorite,0.35107258327760227,0.0,1,False,46
2025-11-14,New York,Miami,6.5,linear,Home Favorite,0.7500684994941371,1.0,1,True,46
2025-11-14,Orlando,Brooklyn,13.5,linear,Home Favorite,0.6273903774284407,1.0,0,False,46
2025-11-14,Detroit,Philadelphia,4.5,linear,Home Favorite,0.5416032817217571,1.0,1,True,46
2025-11-14,Houston,Portland,7.5,linear,Home Favorite,0.8373787432877848,1.0,1,True,46
2025-11-14,Milwaukee,Charlotte,9.5,linear,Home Favorite,0.40895677026169,0.0,1,False,46
2025-11-14,Minnesota,Sacramento,11.5,linear,Home Favorite,0.4396772342994907,0.0,1,False,46
2025-11-14,La Lakers,New Orleans,9.5,linear,Away Favorite,0.43532287387904384,0.0,1,False,46
2025-11-14,La Clippers,Dallas,2.5,linear,Away Favorite,0.4301053661188842,0.0,1,False,46
2025-11-14,San Antonio,Golden State,2.5,linear,Away Favorite,0.13679164187253917,0.0,0,True,46
2025-11-15,Cleveland,Memphis,11.5,linear,Home Favorite,0.5132296642055937,1.0,0,False,46
2025-11-15,Okla City,Charlotte,15.5,linear,Away Favorite,0.471708587026758,0.0,0,True,46
2025-11-15,Toronto,Indiana,6.5,linear,Away Favorite,0.6672736958610869,1.0,1,True,46
2025-11-15,La Lakers,Milwaukee,1.5,linear,Away Favorite,0.5788915700655086,1.0,1,True,46
2025-11-15,Minnesota,Denver,2.5,linear,Home Favorite,0.3575430905328401,0.0,0,True,46
2025-11-16,San Antonio,Sacramento,8.5,linear,Away Favorite,0.6343784419228634,1.0,0,False,46
2025-11-16,Washington,Brooklyn,2.5,linear,Home Favorite,0.7432118315495878,1.0,0,False,46
2025-11-16,Houston,Orlando,7.5,linear,Home Favorite,0.5875016067942772,1.0,0,False,46
2025-11-16,Golden State,New Orleans,10.5,linear,Away Favorite,0.5793409749079241,1.0,1,True,46
2025-11-16,Portland,Dallas,4.5,linear,Away Favorite,0.4616963218632925,0.0,0,True,46
2025-11-16,Atlanta,Phoenix,1.5,linear,Away Favorite,0.20461490985367675,0.0,1,False,46
2025-11-16,Chicago,Utah,4.5,linear,Away Favorite,0.5381855769564972,1.0,0,False,46
2025-10-22,Cleveland,New York,1.5,random_forest,Away Favorite,0.4198373827397742,0.0,0,True,43
2025-10-22,Charlotte,Brooklyn,5.5,random_forest,Home Favorite,0.3794118457608126,0.0,1,False,43
2025-10-22,Orlando,Miami,8.5,random_forest,Home Favorite,0.3794118457608126,0.0,0,True,43
2025-10-22,Atlanta,Toronto,5.5,random_forest,Home Favorite,0.3794118457608126,0.0,0,True,43
2025-10-22,Boston,Philadelphia,4.5,random_forest,Home Favorite,0.3794118457608126,0.0,0,True,43
2025-10-22,Detroit,Chicago,2.5,random_forest,Away Favorite,0.4198373827397742,0.0,0,True,43
2025-10-22,Memphis,New Orleans,3.5,random_forest,Home Favorite,0.3794118457608126,0.0,1,False,43
2025-10-22,Milwaukee,Washington,10.5,random_forest,Home Favorite,0.3794118457608126,0.0,1,False,43
2025-10-22,La Clippers,Utah,9.5,random_forest,Away Favorite,0.4198373827397742,0.0,0,True,43
2025-10-22,Dallas,San Antonio,2.5,random_forest,Home Favorite,0.3794118457608126,0.0,0,True,43
2025-10-22,Phoenix,Sacramento,4.5,random_forest,Home Favorite,0.3794118457608126,0.0,0,True,43
2025-10-22,Minnesota,Portland,4.5,random_forest,Away Favorite,0.4198373827397742,0.0,0,True,43
2025-10-23,Okla City,Indiana,8.5,random_forest,Away Favorite,0.3700051494806241,0.0,0,True,43
2025-10-23,Golden State,Denver,2.5,random_forest,Home Favorite,0.4609075317057592,0.0,1,False,43
2025-10-24,Toronto,Milwaukee,1.5,random_forest,Home Favorite,0.45041695156695155,0.0,0,True,43
2025-10-24,Orlando,Atlanta,4.5,random_forest,Home Favorite,0.5251192182966377,1.0,0,False,43
2025-10-24,Cleveland,Brooklyn,11.5,random_forest,Away Favorite,0.5048674379645471,1.0,0,False,43
2025-10-24,New York,Boston,3.5,random_forest,Home Favorite,0.39245486748530634,0.0,1,False,43
2025-10-24,Houston,Detroit,6.5,random_forest,Home Favorite,0.477605175145221,0.0,0,True,43
2025-10-24,Memphis,Miami,2.5,random_forest,Home Favorite,0.4735510686786332,0.0,0,True,43
2025-10-24,San Antonio,New Orleans,4.5,random_forest,Away Favorite,0.6135540862290864,1.0,0,False,43
2025-10-24,Dallas,Washington,9.5,random_forest,Home Favorite,0.41466658491751957,0.0,0,True,43
2025-10-24,Minnesota,La Lakers,2.5,random_forest,Away Favorite,0.5353654701666872,1.0,0,False,43
2025-10-24,Golden State,Portland,2.5,random_forest,Away Favorite,0.49282258329283146,0.0,0,True,43
2025-10-24,Sacramento,Utah,5.5,random_forest,Home Favorite,0.44222914280006315,0.0,0,True,43
2025-10-24,La Clippers,Phoenix,9.5,random_forest,Home Favorite,0.3415154692392329,0.0,1,False,43
2025-10-25,Orlando,Chicago,6.5,random_forest,Home Favorite,0.3598317753800483,0.0,1,False,43
2025-10-25,Okla City,Atlanta,6.5,random_forest,Away Favorite,0.3010855975456335,0.0,1,False,43
2025-10-25,Philadelphia,Charlotte,4.5,random_forest,Home Favorite,0.3981882161813962,0.0,0,True,43
2025-10-25,Memphis,Indiana,1.5,random_forest,Home Favorite,0.4405897435897436,0.0,1,False,43
2025-10-25,Denver,Phoenix,13.5,random_forest,Home Favorite,0.5763347322659186,1.0,1,True,43
2025-10-26,San Antonio,Brooklyn,10.5,random_forest,Away Favorite,0.3951434638888916,0.0,0,True,43
2025-10-26,Detroit,Boston,3.5,random_forest,Home Favorite,0.33341964747788866,0.0,1,False,43
2025-10-26,Cleveland,Milwaukee,6.5,random_forest,Home Favorite,0.5928800761731732,1.0,0,False,43
2025-10-26,New York,Miami,2.5,random_forest,Away Favorite,0.43844733911517864,0.0,0,True,43
2025-10-26,Washington,Charlotte,2.5,random_forest,Home Favorite,0.5103360237300225,1.0,0,False,43
2025-10-26,Minnesota,Indiana,12.5,random_forest,Home Favorite,0.5752497894865912,1.0,0,False,43
2025-10-26,Dallas,Toronto,1.5,random_forest,Home Favorite,0.3844087634587634,0.0,1,False,43
2025-10-26,La Clippers,Portland,8.5,random_forest,Home Favorite,0.5494360506446155,1.0,0,False,43
2025-10-26,La Lakers,Sacramento,2.5,random_forest,Away Favorite,0.36656737277075585,0.0,1,False,43
2025-10-27,Cleveland,Detroit,2.5,random_forest,Away Favorite,0.6234072980339235,1.0,1,True,44
2025-10-27,Orlando,Philadelphia,5.5,random_forest,Away Favorite,0.5078435646312868,1.0,0,False,44
2025-10-27,Atlanta,Chicago,2.5,random_forest,Away Favorite,0.31940822996482643,0.0,0,True,44
2025-10-27,Houston,Brooklyn,15.5,random_forest,Home Favorite,0.7125771103896105,1.0,1,True,44
2025-10-27,New Orleans,Boston,1.5,random_forest,Home Favorite,0.4930189989039093,0.0,0,True,44
2025-10-27,San Antonio,Toronto,4.5,random_forest,Away Favorite,0.4202535570658483,0.0,0,True,44
2025-10-27,Okla City,Dallas,8.5,random_forest,Away Favorite,0.4466238703971592,0.0,0,True,44
2025-10-27,Utah,Phoenix,1.5,random_forest,Home Favorite,0.6742355258127429,1.0,1,True,44
2025-10-27,Denver,Minnesota,6.5,random_forest,Away Favorite,0.5676089180234188,1.0,1,True,44
2025-10-27,Golden State,Memphis,7.5,random_forest,Away Favorite,0.5845610047846889,1.0,0,False,44
2025-10-27,Portland,La Lakers,2.5,random_forest,Away Favorite,0.6087203225072682,1.0,1,True,44
2025-10-28,Philadelphia,Washington,4.5,random_forest,Away Favorite,0.6073792846936021,1.0,1,True,44
2025-10-28,Miami,Charlotte,6.5,random_forest,Home Favorite,0.6553861900834329,1.0,1,True,44
2025-10-28,New York,Milwaukee,1.5,random_forest,Away Favorite,0.40061255690226116,0.0,0,True,44
2025-10-28,Okla City,Sacramento,10.5,random_forest,Home Favorite,0.3646421967995326,0.0,0,True,44
2025-10-28,La Clippers,Golden State,1.5,random_forest,Away Favorite,0.5785410349296233,1.0,0,False,44
2025-10-29,Houston,Toronto,5.5,random_forest,Away Favorite,0.27441468222686566,0.0,1,False,44
2025-10-29,Cleveland,Boston,3.5,random_forest,Away Favorite,0.5076553412176996,1.0,0,False,44
2025-10-29,Orlando,Detroit,1.5,random_forest,Away Favorite,0.6478365246391812,1.0,0,False,44
2025-10-29,Atlanta,Brooklyn,8.5,random_forest,Away Favorite,0.5114597278838034,1.0,0,False,44
2025-10-29,Chicago,Sacramento,4.5,random_forest,Home Favorite,0.3801030381405311,0.0,1,False,44
2025-10-29,Dallas,Indiana,5.5,random_forest,Home Favorite,0.3272684244659768,0.0,0,True,44
2025-10-29,Denver,New Orleans,12.5,random_forest,Home Favorite,0.5748301560891552,1.0,1,True,44
2025-10-29,Portland,Utah,3.5,random_forest,Away Favorite,0.5369831338435607,1.0,0,False,44
2025-10-29,Minnesota,La Lakers,7.5,random_forest,Home Favorite,0.37291950058587175,0.0,0,True,44
2025-10-29,Memphis,Phoenix,1.5,random_forest,Away Favorite,0.5033667961049536,1.0,0,False,44
2025-10-30,Orlando,Charlotte,1.5,random_forest,Away Favorite,0.5930760810071155,1.0,1,True,44
2025-10-30,Golden State,Milwaukee,3.5,random_forest,Away Favorite,0.22738821735035958,0.0,0,True,44
2025-10-30,Okla City,Washington,15.5,random_forest,Away Favorite,0.3874452767870062,0.0,0,True,44
2025-10-30,San Antonio,Miami,5.5,random_forest,Away Favorite,0.28428224454327156,0.0,0,True,44
2025-10-31,Atlanta,Indiana,2.5,random_forest,Away Favorite,0.3554164531663983,0.0,1,False,44
2025-10-31,Boston,Philadelphia,1.5,random_forest,Away Favorite,0.409307008413511,0.0,0,True,44
2025-10-31,Cleveland,Toronto,4.5,random_forest,Home Favorite,0.6170764119601329,1.0,0,False,44
2025-10-31,New York,Chicago,5.5,random_forest,Away Favorite,0.6585447509724892,1.0,0,False,44
2025-10-31,Memphis,La Lakers,2.5,random_forest,Away Favorite,0.33405940155277664,0.0,1,False,44
2025-10-31,Phoenix,Utah,3.5,random_forest,Home Favorite,0.4004333182190259,0.0,1,False,44
2025-10-31,Denver,Portland,5.5,random_forest,Away Favorite,0.4221693121693122,0.0,0,True,44
2025-10-31,La Clippers,New Orleans,10.5,random_forest,Home Favorite,0.6239052063747875,1.0,0,False,44
2025-11-01,Orlando,Washington,9.5,random_forest,Away Favorite,0.6763460887701163,1.0,1,True,44
2025-11-01,Minnesota,Charlotte,4.5,random_forest,Away Favorite,0.5159597825984731,1.0,1,True,44
2025-11-01,Golden State,Indiana,11.5,random_forest,Away Favorite,0.469681159495113,0.0,0,True,44
2025-11-01,Houston,Boston,5.5,random_forest,Away Favorite,0.524349434470758,1.0,1,True,44
2025-11-01,Milwaukee,Sacramento,7.5,random_forest,Home Favorite,0.4749113120259592,0.0,0,True,44
2025-11-01,Detroit,Dallas,7.5,random_forest,Home Favorite,0.4601790247115003,0.0,1,False,44
2025-11-02,Okla City,New Orleans,13.5,random_forest,Home Favorite,0.5173415171776741,1.0,1,True,44
2025-11-02,Philadelphia,Brooklyn,5.5,random_forest,Away Favorite,0.7364073306583601,1.0,1,True,44
2025-11-02,Charlotte,Utah,1.5,random_forest,Home Favorite,0.5733802314754793,1.0,1,True,44
2025-11-02,Cleveland,Atlanta,6.5,random_forest,Home Favorite,0.4722538546434249,0.0,1,False,44
2025-11-02,Toronto,Memphis,4.5,random_forest,Home Favorite,0.4660432485846732,0.0,1,False,44
2025-11-02,New York,Chicago,7.5,random_forest,Home Favorite,0.6722494198217442,1.0,1,True,44
2025-11-02,San Antonio,Phoenix,5.5,random_forest,Away Favorite,0.16562829641470894,0.0,0,True,44
2025-11-02,La Lakers,Miami,4.5,random_forest,Away Favorite,0.17945665888507645,0.0,0,True,44
2025-11-03,Minnesota,Brooklyn,8.5,random_forest,Away Favorite,0.6549818634889962,1.0,1,True,45
2025-11-03,Milwaukee,Indiana,6.5,random_forest,Away Favorite,0.42975273252107626,0.0,0,True,45
2025-11-03,Boston,Utah,10.5,random_forest,Home Favorite,0.33315276430429974,0.0,0,True,45
2025-11-03,New York,Washington,12.5,random_forest,Home Favorite,0.4287350901832154,0.0,1,False,45
2025-11-03,Houston,Dallas,12.5,random_forest,Home Favorite,0.4487747646586122,0.0,0,True,45
2025-11-03,Detroit,Memphis,4.5,random_forest,Away Favorite,0.2783713496759304,0.0,1,False,45
2025-11-03,Denver,Sacramento,11.5,random_forest,Home Favorite,0.5562280876782761,1.0,0,False,45
2025-11-03,Portland,La Lakers,3.5,random_forest,Home Favorite,0.3989896389990749,0.0,0,True,45
2025-11-04,Toronto,Milwaukee,3.5,random_forest,Home Favorite,0.3676658478713476,0.0,1,False,45
2025-11-04,Orlando,Atlanta,3.5,random_forest,Away Favorite,0.5236379376796073,1.0,0,False,45
2025-11-04,Chicago,Philadelphia,1.5,random_forest,Home Favorite,0.4018144893899203,0.0,1,False,45
2025-11-04,New Orleans,Charlotte,2.5,random_forest,Home Favorite,0.35469221762128866,0.0,1,False,45
2025-11-04,Golden State,Phoenix,10.5,random_forest,Away Favorite,0.33938020825025544,0.0,0,True,45
2025-11-04,Okla City,La Clippers,7.5,random_forest,Away Favorite,0.502970321664802,1.0,1,True,45
2025-11-05,Cleveland,Philadelphia,9.5,random_forest,Home Favorite,0.5878003101587472,1.0,1,True,45
2025-11-05,Detroit,Utah,9.5,random_forest,Home Favorite,0.4659955406398933,0.0,1,False,45
2025-11-05,Indiana,Brooklyn,6.5,random_forest,Home Favorite,0.435813549871703,0.0,0,True,45
2025-11-05,Boston,Washington,12.5,random_forest,Home Favorite,0.24342528190114224,0.0,1,False,45
2025-11-05,New York,Minnesota,4.5,random_forest,Home Favorite,0.4897373619198,0.0,1,False,45
2025-11-05,Houston,Memphis,7.5,random_forest,Away Favorite,0.6106854061709863,1.0,1,True,45
2025-11-05,Dallas,New Orleans,7.5,random_forest,Home Favorite,0.6663947881384247,1.0,0,False,45
2025-11-05,Denver,Miami,9.5,random_forest,Home Favorite,0.5479934312006612,1.0,1,True,45
2025-11-05,La Lakers,San Antonio,2.5,random_forest,Away Favorite,0.3502114888851907,0.0,0,True,45
2025-11-05,Okla City,Portland,4.5,random_forest,Away Favorite,0.37919813808182423,0.0,0,True,45
2025-11-05,Sacramento,Golden State,2.5,random_forest,Home Favorite,0.4169422164650325,0.0,1,False,45
2025-11-06,Phoenix,La Clippers,2.5,random_forest,Away Favorite,0.48940975072685156,0.0,0,True,45
2025-11-07,Orlando,Boston,3.5,random_forest,Home Favorite,0.4352760660926321,0.0,1,False,45
2025-11-07,Cleveland,Washington,13.5,random_forest,Away Favorite,0.4674481093291761,0.0,1,False,45
2025-11-07,Atlanta,Toronto,2.5,random_forest,Home Favorite,0.43972831794702605,0.0,0,True,45
2025-11-07,Detroit,Brooklyn,10.5,random_forest,Away Favorite,0.4678350956224365,0.0,1,False,45
2025-11-07,Houston,San Antonio,4.5,random_forest,Away Favorite,0.5492706829455095,1.0,0,False,45
2025-11-07,Miami,Charlotte,4.5,random_forest,Home Favorite,0.613248520349044,1.0,1,True,45
2025-11-07,Memphis,Dallas,4.5,random_forest,Home Favorite,0.45571834450959087,0.0,1,False,45
2025-11-07,Milwaukee,Chicago,4.5,random_forest,Home Favorite,0.6055814989306384,1.0,1,True,45
2025-11-07,Minnesota,Utah,11.5,random_forest,Home Favorite,0.4635138663864261,0.0,1,False,45
2025-11-07,Denver,Golden State,10.5,random_forest,Home Favorite,0.6551142356959702,1.0,1,True,45
2025-11-07,Okla City,Sacramento,10.5,random_forest,Away Favorite,0.7147267804087422,1.0,1,True,45
2025-11-08,Dallas,Washington,4.5,random_forest,Away Favorite,0.4187256728778468,0.0,1,False,45
2025-11-08,Philadelphia,Toronto,5.5,random_forest,Home Favorite,0.4828264125630812,0.0,1,False,45
2025-11-08,La Lakers,Atlanta,3.5,random_forest,Away Favorite,0.16552904705796315,0.0,0,True,45
2025-11-08,Cleveland,Chicago,8.5,random_forest,Home Favorite,0.6292936485844853,1.0,0,False,45
2025-11-08,Portland,Miami,3.5,random_forest,Away Favorite,0.3794868003253777,0.0,0,True,45
2025-11-08,San Antonio,New Orleans,10.5,random_forest,Home Favorite,0.5959601103136184,1.0,0,False,45
2025-11-08,Denver,Indiana,12.5,random_forest,Home Favorite,0.5198075247080509,1.0,1,True,45
2025-11-08,La Clippers,Phoenix,5.5,random_forest,Away Favorite,0.2757459404518676,0.0,1,False,45
2025-11-09,Houston,Milwaukee,4.5,random_forest,Away Favorite,0.5688094769310736,1.0,1,True,45
2025-11-09,New York,Brooklyn,15.5,random_forest,Home Favorite,0.5542735586346011,1.0,1,True,45
2025-11-09,Orlando,Boston,3.5,random_forest,Home Favorite,0.43778500148815574,0.0,0,True,45
2025-11-09,Okla City,Memphis,10.5,random_forest,Away Favorite,0.5758982696407062,1.0,1,True,45
2025-11-09,Detroit,Philadelphia,4.5,random_forest,Away Favorite,0.48396458065505416,0.0,0,True,45
2025-11-09,Golden State,Indiana,12.5,random_forest,Away Favorite,0.3189526241261321,0.0,0,True,45
2025-11-09,Minnesota,Sacramento,5.5,random_forest,Away Favorite,0.5050099678919497,1.0,1,True,45
2025-11-10,La Lakers,Charlotte,8.5,random_forest,Away Favorite,0.680194337418762,1.0,1,True,46
2025-11-10,Detroit,Washington,11.5,random_forest,Home Favorite,0.4683725604081893,0.0,0,True,46
2025-11-10,Orlando,Portland,2.5,random_forest,Home Favorite,0.6893230690307692,1.0,1,True,46
2025-11-10,Cleveland,Miami,7.5,random_forest,Away Favorite,0.42269670609282106,0.0,0,True,46
2025-11-10,San Antonio,Chicago,4.5,random_forest,Away Favorite,0.36955045516608764,0.0,0,True,46
2025-11-10,Milwaukee,Dallas,2.5,random_forest,Away Favorite,0.10809660550530252,0.0,0,True,46
2025-11-10,Phoenix,New Orleans,9.5,random_forest,Home Favorite,0.4831534259977102,0.0,1,False,46
2025-11-10,Minnesota,Utah,7.5,random_forest,Away Favorite,0.5216427945569846,1.0,0,False,46
2025-11-11,Toronto,Brooklyn,10.5,random_forest,Away Favorite,0.4689805888555888,0.0,0,True,46
2025-11-11,New York,Memphis,9.5,random_forest,Home Favorite,0.6170193887862998,1.0,1,True,46
2025-11-11,Philadelphia,Boston,1.5,random_forest,Home Favorite,0.6034132182959895,1.0,1,True,46
2025-11-11,Okla City,Golden State,7.5,random_forest,Away Favorite,0.46332974197830146,0.0,0,True,46
2025-11-11,Indiana,Utah,2.5,random_forest,Away Favorite,0.383799957284552,0.0,0,True,46
2025-11-11,Denver,Sacramento,8.5,random_forest,Away Favorite,0.6320317346195257,1.0,1,True,46
2025-11-12,Milwaukee,Charlotte,4.5,random_forest,Away Favorite,0.605044317044878,1.0,0,False,46
2025-11-12,Detroit,Chicago,1.5,random_forest,Away Favorite,0.670682433798207,1.0,0,False,46
2025-11-12,New York,Orlando,4.5,random_forest,Home Favorite,0.5870520369970401,1.0,0,False,46
2025-11-12,Boston,Memphis,6.5,random_forest,Home Favorite,0.38600812190579703,0.0,1,False,46
2025-11-12,Miami,Cleveland,5.5,random_forest,Home Favorite,0.538772866009766,1.0,0,False,46
2025-11-12,Houston,Washington,16.5,random_forest,Home Favorite,0.5215003700577103,1.0,1,True,46
2025-11-12,Portland,New Orleans,8.5,random_forest,Away Favorite,0.428347027275298,0.0,0,True,46
2025-11-12,San Antonio,Golden State,4.5,random_forest,Away Favorite,0.32807210724450586,0.0,1,False,46
2025-11-12,Dallas,Phoenix,1.5,random_forest,Away Favorite,0.42430507036927795,0.0,1,False,46
2025-11-12,Okla City,La Lakers,6.5,random_forest,Away Favorite,0.4157096502568247,0.0,0,True,46
2025-11-12,Atlanta,Sacramento,3.5,random_forest,Away Favorite,0.6211882005457102,1.0,1,True,46
2025-11-12,Denver,La Clippers,3.5,random_forest,Away Favorite,0.471099993086599,0.0,1,False,46
2025-11-14,New York,Miami,6.5,random_forest,Home Favorite,0.6403750909122636,1.0,1,True,46
2025-11-14,Orlando,Brooklyn,13.5,random_forest,Home Favorite,0.5068693942481429,1.0,0,False,46
2025-11-14,Detroit,Philadelphia,4.5,random_forest,Home Favorite,0.611440667144616,1.0,1,True,46
2025-11-14,Houston,Portland,7.5,random_forest,Home Favorite,0.6679132916534494,1.0,1,True,46
2025-11-14,Milwaukee,Charlotte,9.5,random_forest,Home Favorite,0.4126836161370615,0.0,1,False,46
2025-11-14,Minnesota,Sacramento,11.5,random_forest,Home Favorite,0.5212693802598716,1.0,1,True,46
2025-11-14,La Lakers,New Orleans,9.5,random_forest,Away Favorite,0.31740664460632756,0.0,1,False,46
2025-11-14,La Clippers,Dallas,2.5,random_forest,Away Favorite,0.41626666452867506,0.0,1,False,46
2025-11-14,San Antonio,Golden State,2.5,random_forest,Away Favorite,0.442854239908941,0.0,0,True,46
2025-11-15,Cleveland,Memphis,11.5,random_forest,Home Favorite,0.4012828395454177,0.0,0,True,46
2025-11-15,Okla City,Charlotte,15.5,random_forest,Away Favorite,0.554555906426392,1.0,0,False,46
2025-11-15,Toronto,Indiana,6.5,random_forest,Away Favorite,0.6131883298287314,1.0,1,True,46
2025-11-15,La Lakers,Milwaukee,1.5,random_forest,Away Favorite,0.3074430186237953,0.0,1,False,46
2025-11-15,Minnesota,Denver,2.5,random_forest,Home Favorite,0.5228141997602249,1.0,0,False,46
2025-11-16,San Antonio,Sacramento,8.5,random_forest,Away Favorite,0.6054792694284877,1.0,0,False,46
2025-11-16,Washington,Brooklyn,2.5,random_forest,Home Favorite,0.609123423300256,1.0,0,False,46
2025-11-16,Houston,Orlando,7.5,random_forest,Home Favorite,0.625392259913999,1.0,0,False,46
2025-11-16,Golden State,New Orleans,10.5,random_forest,Away Favorite,0.5040890285513574,1.0,1,True,46
2025-11-16,Portland,Dallas,4.5,random_forest,Away Favorite,0.4616203953515658,0.0,0,True,46
2025-11-16,Atlanta,Phoenix,1.5,random_forest,Away Favorite,0.2529437333761123,0.0,1,False,46
2025-11-16,Chicago,Utah,4.5,random_forest,Away Favorite,0.4431482009465701,0.0,0,True,46
2025-10-22,Cleveland,New York,1.5,decision_tree,Away Favorite,0.4166666666666667,0.0,0,True,43
2025-10-22,Charlotte,Brooklyn,5.5,decision_tree,Home Favorite,0.6119402985074627,1.0,1,True,43
2025-10-22,Orlando,Miami,8.5,decision_tree,Home Favorite,0.6119402985074627,1.0,0,False,43
2025-10-22,Atlanta,Toronto,5.5,decision_tree,Home Favorite,0.6119402985074627,1.0,0,False,43
2025-10-22,Boston,Philadelphia,4.5,decision_tree,Home Favorite,0.6119402985074627,1.0,0,False,43
2025-10-22,Detroit,Chicago,2.5,decision_tree,Away Favorite,0.4166666666666667,0.0,0,True,43
2025-10-22,Memphis,New Orleans,3.5,decision_tree,Home Favorite,0.6119402985074627,1.0,1,True,43
2025-10-22,Milwaukee,Washington,10.5,decision_tree,Home Favorite,0.6119402985074627,1.0,1,True,43
2025-10-22,La Clippers,Utah,9.5,decision_tree,Away Favorite,0.4166666666666667,0.0,0,True,43
2025-10-22,Dallas,San Antonio,2.5,decision_tree,Home Favorite,0.6119402985074627,1.0,0,False,43
2025-10-22,Phoenix,Sacramento,4.5,decision_tree,Home Favorite,0.6119402985074627,1.0,0,False,43
2025-10-22,Minnesota,Portland,4.5,decision_tree,Away Favorite,0.4166666666666667,0.0,0,True,43
2025-10-23,Okla City,Indiana,8.5,decision_tree,Away Favorite,0.2459016393442623,0.0,0,True,43
2025-10-23,Golden State,Denver,2.5,decision_tree,Home Favorite,0.3076923076923077,0.0,1,False,43
2025-10-24,Toronto,Milwaukee,1.5,decision_tree,Home Favorite,1.0,1.0,0,False,43
2025-10-24,Orlando,Atlanta,4.5,decision_tree,Home Favorite,0.7272727272727273,1.0,0,False,43
2025-10-24,Cleveland,Brooklyn,11.5,decision_tree,Away Favorite,0.0,0.0,0,True,43
2025-10-24,New York,Boston,3.5,decision_tree,Home Favorite,0.31100478468899523,0.0,1,False,43
2025-10-24,Houston,Detroit,6.5,decision_tree,Home Favorite,0.0,0.0,0,True,43
2025-10-24,Memphis,Miami,2.5,decision_tree,Home Favorite,0.6435643564356436,1.0,0,False,43
2025-10-24,San Antonio,New Orleans,4.5,decision_tree,Away Favorite,0.24193548387096775,0.0,0,True,43
2025-10-24,Dallas,Washington,9.5,decision_tree,Home Favorite,0.6435643564356436,1.0,0,False,43
2025-10-24,Minnesota,La Lakers,2.5,decision_tree,Away Favorite,0.9655172413793104,1.0,0,False,43
2025-10-24,Golden State,Portland,2.5,decision_tree,Away Favorite,0.84,1.0,0,False,43
2025-10-24,Sacramento,Utah,5.5,decision_tree,Home Favorite,0.0,0.0,0,True,43
2025-10-24,La Clippers,Phoenix,9.5,decision_tree,Home Favorite,0.34285714285714286,0.0,1,False,43
2025-10-25,Orlando,Chicago,6.5,decision_tree,Home Favorite,0.42696629213483145,0.0,1,False,43
2025-10-25,Okla City,Atlanta,6.5,decision_tree,Away Favorite,0.9310344827586207,1.0,1,True,43
2025-10-25,Philadelphia,Charlotte,4.5,decision_tree,Home Favorite,0.6129032258064516,1.0,0,False,43
2025-10-25,Memphis,Indiana,1.5,decision_tree,Home Favorite,0.0,0.0,1,False,43
2025-10-25,Denver,Phoenix,13.5,decision_tree,Home Favorite,0.6547619047619048,1.0,1,True,43
2025-10-26,San Antonio,Brooklyn,10.5,decision_tree,Away Favorite,0.0,0.0,0,True,43
2025-10-26,Detroit,Boston,3.5,decision_tree,Home Favorite,0.5384615384615384,1.0,1,True,43
2025-10-26,Cleveland,Milwaukee,6.5,decision_tree,Home Favorite,0.782608695652174,1.0,0,False,43
2025-10-26,New York,Miami,2.5,decision_tree,Away Favorite,0.8809523809523809,1.0,0,False,43
2025-10-26,Washington,Charlotte,2.5,decision_tree,Home Favorite,0.782608695652174,1.0,0,False,43
2025-10-26,Minnesota,Indiana,12.5,decision_tree,Home Favorite,0.3142857142857143,0.0,0,True,43
2025-10-26,Dallas,Toronto,1.5,decision_tree,Home Favorite,0.782608695652174,1.0,1,True,43
2025-10-26,La Clippers,Portland,8.5,decision_tree,Home Favorite,0.0,0.0,0,True,43
2025-10-26,La Lakers,Sacramento,2.5,decision_tree,Away Favorite,0.10810810810810811,0.0,1,False,43
2025-10-27,Cleveland,Detroit,2.5,decision_tree,Away Favorite,0.2727272727272727,0.0,1,False,44
2025-10-27,Orlando,Philadelphia,5.5,decision_tree,Away Favorite,0.1111111111111111,0.0,0,True,44
2025-10-27,Atlanta,Chicago,2.5,decision_tree,Away Favorite,0.0,0.0,0,True,44
2025-10-27,Houston,Brooklyn,15.5,decision_tree,Home Favorite,0.0,0.0,1,False,44
2025-10-27,New Orleans,Boston,1.5,decision_tree,Home Favorite,0.0,0.0,0,True,44
2025-10-27,San Antonio,Toronto,4.5,decision_tree,Away Favorite,0.3548387096774194,0.0,0,True,44
2025-10-27,Okla City,Dallas,8.5,decision_tree,Away Favorite,0.2727272727272727,0.0,0,True,44
2025-10-27,Utah,Phoenix,1.5,decision_tree,Home Favorite,0.5824175824175825,1.0,1,True,44
2025-10-27,Denver,Minnesota,6.5,decision_tree,Away Favorite,0.7,1.0,1,True,44
2025-10-27,Golden State,Memphis,7.5,decision_tree,Away Favorite,0.2727272727272727,0.0,0,True,44
2025-10-27,Portland,La Lakers,2.5,decision_tree,Away Favorite,0.0625,0.0,1,False,44
2025-10-28,Philadelphia,Washington,4.5,decision_tree,Away Favorite,0.8260869565217391,1.0,1,True,44
2025-10-28,Miami,Charlotte,6.5,decision_tree,Home Favorite,0.8367346938775511,1.0,1,True,44
2025-10-28,New York,Milwaukee,1.5,decision_tree,Away Favorite,0.5526315789473685,1.0,0,False,44
2025-10-28,Okla City,Sacramento,10.5,decision_tree,Home Favorite,0.33004926108374383,0.0,0,True,44
2025-10-28,La Clippers,Golden State,1.5,decision_tree,Away Favorite,0.6590909090909091,1.0,0,False,44
2025-10-29,Houston,Toronto,5.5,decision_tree,Away Favorite,0.0,0.0,1,False,44
2025-10-29,Cleveland,Boston,3.5,decision_tree,Away Favorite,0.42857142857142855,0.0,0,True,44
2025-10-29,Orlando,Detroit,1.5,decision_tree,Away Favorite,1.0,1.0,0,False,44
2025-10-29,Atlanta,Brooklyn,8.5,decision_tree,Away Favorite,0.6444444444444445,1.0,0,False,44
2025-10-29,Chicago,Sacramento,4.5,decision_tree,Home Favorite,0.5833333333333334,1.0,1,True,44
2025-10-29,Dallas,Indiana,5.5,decision_tree,Home Favorite,0.14893617021276595,0.0,0,True,44
2025-10-29,Denver,New Orleans,12.5,decision_tree,Home Favorite,0.0,0.0,1,False,44
2025-10-29,Portland,Utah,3.5,decision_tree,Away Favorite,0.5384615384615384,1.0,0,False,44
2025-10-29,Minnesota,La Lakers,7.5,decision_tree,Home Favorite,0.3870967741935484,0.0,0,True,44
2025-10-29,Memphis,Phoenix,1.5,decision_tree,Away Favorite,1.0,1.0,0,False,44
2025-10-30,Orlando,Charlotte,1.5,decision_tree,Away Favorite,0.95,1.0,1,True,44
2025-10-30,Golden State,Milwaukee,3.5,decision_tree,Away Favorite,0.25,0.0,0,True,44
2025-10-30,Okla City,Washington,15.5,decision_tree,Away Favorite,1.0,1.0,0,False,44
2025-10-30,San Antonio,Miami,5.5,decision_tree,Away Favorite,0.23134328358208955,0.0,0,True,44
2025-10-31,Atlanta,Indiana,2.5,decision_tree,Away Favorite,0.16304347826086957,0.0,1,False,44
2025-10-31,Boston,Philadelphia,1.5,decision_tree,Away Favorite,0.4782608695652174,0.0,0,True,44
2025-10-31,Cleveland,Toronto,4.5,decision_tree,Home Favorite,1.0,1.0,0,False,44
2025-10-31,New York,Chicago,5.5,decision_tree,Away Favorite,1.0,1.0,0,False,44
2025-10-31,Memphis,La Lakers,2.5,decision_tree,Away Favorite,0.16304347826086957,0.0,1,False,44
2025-10-31,Phoenix,Utah,3.5,decision_tree,Home Favorite,0.3157894736842105,0.0,1,False,44
2025-10-31,Denver,Portland,5.5,decision_tree,Away Favorite,0.06666666666666667,0.0,0,True,44
2025-10-31,La Clippers,New Orleans,10.5,decision_tree,Home Favorite,1.0,1.0,0,False,44
2025-11-01,Orlando,Washington,9.5,decision_tree,Away Favorite,0.9655172413793104,1.0,1,True,44
2025-11-01,Minnesota,Charlotte,4.5,decision_tree,Away Favorite,0.6666666666666666,1.0,1,True,44
2025-11-01,Golden State,Indiana,11.5,decision_tree,Away Favorite,0.0,0.0,0,True,44
2025-11-01,Houston,Boston,5.5,decision_tree,Away Favorite,0.6666666666666666,1.0,1,True,44
2025-11-01,Milwaukee,Sacramento,7.5,decision_tree,Home Favorite,0.1891891891891892,0.0,0,True,44
2025-11-01,Detroit,Dallas,7.5,decision_tree,Home Favorite,0.31862745098039214,0.0,1,False,44
2025-11-02,Okla City,New Orleans,13.5,decision_tree,Home Favorite,0.43209876543209874,0.0,1,False,44
2025-11-02,Philadelphia,Brooklyn,5.5,decision_tree,Away Favorite,0.6666666666666666,1.0,1,True,44
2025-11-02,Charlotte,Utah,1.5,decision_tree,Home Favorite,1.0,1.0,1,True,44
2025-11-02,Cleveland,Atlanta,6.5,decision_tree,Home Favorite,0.9090909090909091,1.0,1,True,44
2025-11-02,Toronto,Memphis,4.5,decision_tree,Home Favorite,1.0,1.0,1,True,44
2025-11-02,New York,Chicago,7.5,decision_tree,Home Favorite,1.0,1.0,1,True,44
2025-11-02,San Antonio,Phoenix,5.5,decision_tree,Away Favorite,0.14516129032258066,0.0,0,True,44
2025-11-02,La Lakers,Miami,4.5,decision_tree,Away Favorite,0.3492063492063492,0.0,0,True,44
2025-11-03,Minnesota,Brooklyn,8.5,decision_tree,Away Favorite,0.42105263157894735,0.0,1,False,45
2025-11-03,Milwaukee,Indiana,6.5,decision_tree,Away Favorite,0.23809523809523808,0.0,0,True,45
2025-11-03,Boston,Utah,10.5,decision_tree,Home Favorite,0.0,0.0,0,True,45
2025-11-03,New York,Washington,12.5,decision_tree,Home Favorite,0.3508771929824561,0.0,1,False,45
2025-11-03,Houston,Dallas,12.5,decision_tree,Home Favorite,1.0,1.0,0,False,45
2025-11-03,Detroit,Memphis,4.5,decision_tree,Away Favorite,0.23809523809523808,0.0,1,False,45
2025-11-03,Denver,Sacramento,11.5,decision_tree,Home Favorite,0.7142857142857143,1.0,0,False,45
2025-11-03,Portland,La Lakers,3.5,decision_tree,Home Favorite,0.7105263157894737,1.0,0,False,45
2025-11-04,Toronto,Milwaukee,3.5,decision_tree,Home Favorite,0.0,0.0,1,False,45
2025-11-04,Orlando,Atlanta,3.5,decision_tree,Away Favorite,0.0,0.0,0,True,45
2025-11-04,Chicago,Philadelphia,1.5,decision_tree,Home Favorite,0.0,0.0,1,False,45
2025-11-04,New Orleans,Charlotte,2.5,decision_tree,Home Favorite,0.0,0.0,1,False,45
2025-11-04,Golden State,Phoenix,10.5,decision_tree,Away Favorite,0.34375,0.0,0,True,45
2025-11-04,Okla City,La Clippers,7.5,decision_tree,Away Favorite,0.6551724137931034,1.0,1,True,45
2025-11-05,Cleveland,Philadelphia,9.5,decision_tree,Home Favorite,0.5792682926829268,1.0,1,True,45
2025-11-05,Detroit,Utah,9.5,decision_tree,Home Favorite,0.273972602739726,0.0,1,False,45
2025-11-05,Indiana,Brooklyn,6.5,decision_tree,Home Favorite,0.7857142857142857,1.0,0,False,45
2025-11-05,Boston,Washington,12.5,decision_tree,Home Favorite,0.273972602739726,0.0,1,False,45
2025-11-05,New York,Minnesota,4.5,decision_tree,Home Favorite,0.0,0.0,1,False,45
2025-11-05,Houston,Memphis,7.5,decision_tree,Away Favorite,0.7021276595744681,1.0,1,True,45
2025-11-05,Dallas,New Orleans,7.5,decision_tree,Home Favorite,0.4453125,0.0,0,True,45
2025-11-05,Denver,Miami,9.5,decision_tree,Home Favorite,1.0,1.0,1,True,45
2025-11-05,La Lakers,San Antonio,2.5,decision_tree,Away Favorite,0.6666666666666666,1.0,0,False,45
2025-11-05,Okla City,Portland,4.5,decision_tree,Away Favorite,0.6666666666666666,1.0,0,False,45
2025-11-05,Sacramento,Golden State,2.5,decision_tree,Home Favorite,0.4453125,0.0,1,False,45
2025-11-06,Phoenix,La Clippers,2.5,decision_tree,Away Favorite,0.15384615384615385,0.0,0,True,45
2025-11-07,Orlando,Boston,3.5,decision_tree,Home Favorite,0.28160919540229884,0.0,1,False,45
2025-11-07,Cleveland,Washington,13.5,decision_tree,Away Favorite,0.7083333333333334,1.0,1,True,45
2025-11-07,Atlanta,Toronto,2.5,decision_tree,Home Favorite,0.28160919540229884,0.0,0,True,45
2025-11-07,Detroit,Brooklyn,10.5,decision_tree,Away Favorite,0.2391304347826087,0.0,1,False,45
2025-11-07,Houston,San Antonio,4.5,decision_tree,Away Favorite,0.0,0.0,0,True,45
2025-11-07,Miami,Charlotte,4.5,decision_tree,Home Favorite,1.0,1.0,1,True,45
2025-11-07,Memphis,Dallas,4.5,decision_tree,Home Favorite,0.3522727272727273,0.0,1,False,45
2025-11-07,Milwaukee,Chicago,4.5,decision_tree,Home Favorite,0.5268817204301075,1.0,1,True,45
2025-11-07,Minnesota,Utah,11.5,decision_tree,Home Favorite,0.3522727272727273,0.0,1,False,45
2025-11-07,Denver,Golden State,10.5,decision_tree,Home Favorite,1.0,1.0,1,True,45
2025-11-07,Okla City,Sacramento,10.5,decision_tree,Away Favorite,1.0,1.0,1,True,45
2025-11-08,Dallas,Washington,4.5,decision_tree,Away Favorite,1.0,1.0,1,True,45
2025-11-08,Philadelphia,Toronto,5.5,decision_tree,Home Favorite,0.3897058823529412,0.0,1,False,45
2025-11-08,La Lakers,Atlanta,3.5,decision_tree,Away Favorite,0.625,1.0,0,False,45
2025-11-08,Cleveland,Chicago,8.5,decision_tree,Home Favorite,0.5308641975308642,1.0,0,False,45
2025-11-08,Portland,Miami,3.5,decision_tree,Away Favorite,0.2553191489361702,0.0,0,True,45
2025-11-08,San Antonio,New Orleans,10.5,decision_tree,Home Favorite,0.5308641975308642,1.0,0,False,45
2025-11-08,Denver,Indiana,12.5,decision_tree,Home Favorite,0.5,0.0,1,False,45
2025-11-08,La Clippers,Phoenix,5.5,decision_tree,Away Favorite,0.3384615384615385,0.0,1,False,45
2025-11-09,Houston,Milwaukee,4.5,decision_tree,Away Favorite,1.0,1.0,1,True,45
2025-11-09,New York,Brooklyn,15.5,decision_tree,Home Favorite,1.0,1.0,1,True,45
2025-11-09,Orlando,Boston,3.5,decision_tree,Home Favorite,0.35454545454545455,0.0,0,True,45
2025-11-09,Okla City,Memphis,10.5,decision_tree,Away Favorite,0.6666666666666666,1.0,1,True,45
2025-11-09,Detroit,Philadelphia,4.5,decision_tree,Away Favorite,0.6666666666666666,1.0,0,False,45
2025-11-09,Golden State,Indiana,12.5,decision_tree,Away Favorite,0.0,0.0,0,True,45
2025-11-09,Minnesota,Sacramento,5.5,decision_tree,Away Favorite,0.0,0.0,1,False,45
2025-11-10,La Lakers,Charlotte,8.5,decision_tree,Away Favorite,0.6764705882352942,1.0,1,True,46
2025-11-10,Detroit,Washington,11.5,decision_tree,Home Favorite,0.38235294117647056,0.0,0,True,46
2025-11-10,Orlando,Portland,2.5,decision_tree,Home Favorite,1.0,1.0,1,True,46
2025-11-10,Cleveland,Miami,7.5,decision_tree,Away Favorite,0.4939759036144578,0.0,0,True,46
2025-11-10,San Antonio,Chicago,4.5,decision_tree,Away Favorite,0.9487179487179487,1.0,0,False,46
2025-11-10,Milwaukee,Dallas,2.5,decision_tree,Away Favorite,0.25,0.0,0,True,46
2025-11-10,Phoenix,New Orleans,9.5,decision_tree,Home Favorite,0.38235294117647056,0.0,1,False,46
2025-11-10,Minnesota,Utah,7.5,decision_tree,Away Favorite,0.4939759036144578,0.0,0,True,46
2025-11-11,Toronto,Brooklyn,10.5,decision_tree,Away Favorite,1.0,1.0,0,False,46
2025-11-11,New York,Memphis,9.5,decision_tree,Home Favorite,0.75,1.0,1,True,46
2025-11-11,Philadelphia,Boston,1.5,decision_tree,Home Favorite,0.5714285714285714,1.0,1,True,46
2025-11-11,Okla City,Golden State,7.5,decision_tree,Away Favorite,0.5454545454545454,1.0,0,False,46
2025-11-11,Indiana,Utah,2.5,decision_tree,Away Favorite,0.0,0.0,0,True,46
2025-11-11,Denver,Sacramento,8.5,decision_tree,Away Favorite,0.8913043478260869,1.0,1,True,46
2025-11-12,Milwaukee,Charlotte,4.5,decision_tree,Away Favorite,0.8333333333333334,1.0,0,False,46
2025-11-12,Detroit,Chicago,1.5,decision_tree,Away Favorite,0.6170212765957447,1.0,0,False,46
2025-11-12,New York,Orlando,4.5,decision_tree,Home Favorite,0.8181818181818182,1.0,0,False,46
2025-11-12,Boston,Memphis,6.5,decision_tree,Home Favorite,0.319047619047619,0.0,1,False,46
2025-11-12,Miami,Cleveland,5.5,decision_tree,Home Favorite,0.125,0.0,0,True,46
2025-11-12,Houston,Washington,16.5,decision_tree,Home Favorite,0.6825396825396826,1.0,1,True,46
2025-11-12,Portland,New Orleans,8.5,decision_tree,Away Favorite,0.6530612244897959,1.0,0,False,46
2025-11-12,San Antonio,Golden State,4.5,decision_tree,Away Favorite,0.18,0.0,1,False,46
2025-11-12,Dallas,Phoenix,1.5,decision_tree,Away Favorite,0.18181818181818182,0.0,1,False,46
2025-11-12,Okla City,La Lakers,6.5,decision_tree,Away Favorite,0.18,0.0,0,True,46
2025-11-12,Atlanta,Sacramento,3.5,decision_tree,Away Favorite,1.0,1.0,1,True,46
2025-11-12,Denver,La Clippers,3.5,decision_tree,Away Favorite,0.6170212765957447,1.0,1,True,46
2025-11-14,New York,Miami,6.5,decision_tree,Home Favorite,1.0,1.0,1,True,46
2025-11-14,Orlando,Brooklyn,13.5,decision_tree,Home Favorite,0.4260869565217391,0.0,0,True,46
2025-11-14,Detroit,Philadelphia,4.5,decision_tree,Home Favorite,0.4260869565217391,0.0,1,False,46
2025-11-14,Houston,Portland,7.5,decision_tree,Home Favorite,0.967741935483871,1.0,1,True,46
2025-11-14,Milwaukee,Charlotte,9.5,decision_tree,Home Favorite,0.4260869565217391,0.0,1,False,46
2025-11-14,Minnesota,Sacramento,11.5,decision_tree,Home Favorite,0.723404255319149,1.0,1,True,46
2025-11-14,La Lakers,New Orleans,9.5,decision_tree,Away Favorite,0.16666666666666666,0.0,1,False,46
2025-11-14,La Clippers,Dallas,2.5,decision_tree,Away Favorite,0.16666666666666666,0.0,1,False,46
2025-11-14,San Antonio,Golden State,2.5,decision_tree,Away Favorite,0.5925925925925926,1.0,0,False,46
2025-11-15,Cleveland,Memphis,11.5,decision_tree,Home Favorite,0.34502923976608185,0.0,0,True,46
2025-11-15,Okla City,Charlotte,15.5,decision_tree,Away Favorite,0.6956521739130435,1.0,0,False,46
2025-11-15,Toronto,Indiana,6.5,decision_tree,Away Favorite,0.11764705882352941,0.0,1,False,46
2025-11-15,La Lakers,Milwaukee,1.5,decision_tree,Away Favorite,0.1941747572815534,0.0,1,False,46
2025-11-15,Minnesota,Denver,2.5,decision_tree,Home Favorite,0.0,0.0,0,True,46
2025-11-16,San Antonio,Sacramento,8.5,decision_tree,Away Favorite,0.32653061224489793,0.0,0,True,46
2025-11-16,Washington,Brooklyn,2.5,decision_tree,Home Favorite,0.8888888888888888,1.0,0,False,46
2025-11-16,Houston,Orlando,7.5,decision_tree,Home Favorite,0.967741935483871,1.0,0,False,46
2025-11-16,Golden State,New Orleans,10.5,decision_tree,Away Favorite,0.5,0.0,1,False,46
2025-11-16,Portland,Dallas,4.5,decision_tree,Away Favorite,0.32653061224489793,0.0,0,True,46
2025-11-16,Atlanta,Phoenix,1.5,decision_tree,Away Favorite,0.33636363636363636,0.0,1,False,46
2025-11-16,Chicago,Utah,4.5,decision_tree,Away Favorite,0.14285714285714285,0.0,0,True,46
